index,open,high,low,close,volume,Name
2013-02-08,44.81,45.4,44.61,45.39,387929,HII
2013-02-09,44.95,45.4,44.74,45.34,317476,HII
2013-02-10,45.09,45.4,44.87,45.28,247024,HII
2013-02-11,45.23,45.4,45.0,45.23,176571,HII
2013-02-12,45.27,45.4,45.15,45.25,176363,HII
2013-02-13,45.33,45.82,45.13,45.55,242203,HII
2013-02-14,45.39,45.48,45.04,45.2,251431,HII
2013-02-15,45.1,45.59,45.03,45.35,121880,HII
2013-02-16,45.16,45.58,45.08,45.4,165270,HII
2013-02-17,45.22,45.57,45.13,45.44,208660,HII
2013-02-18,45.29,45.56,45.18,45.49,252051,HII
2013-02-19,45.35,45.55,45.23,45.54,295441,HII
2013-02-20,45.45,45.95,45.38,45.44,480001,HII
2013-02-21,45.35,45.44,44.6,44.63,225792,HII
2013-02-22,44.85,45.19,44.8,44.95,263967,HII
2013-02-23,44.93,45.32,44.62,44.73,272669,HII
2013-02-24,45.02,45.46,44.45,44.51,281371,HII
2013-02-25,45.1,45.59,44.27,44.29,290073,HII
2013-02-26,44.35,45.74,44.35,45.47,279332,HII
2013-02-27,45.47,47.14,44.77,47.12,365594,HII
2013-02-28,46.77,48.52,46.76,48.04,385872,HII
2013-03-01,47.78,48.57,47.29,47.91,415491,HII
2013-03-02,47.76,48.31,47.25,47.69,381929,HII
2013-03-03,47.75,48.05,47.22,47.47,348367,HII
2013-03-04,47.73,47.79,47.18,47.25,314805,HII
2013-03-05,47.47,48.1,47.26,48.07,187127,HII
2013-03-06,48.37,49.18,48.35,49.17,224718,HII
2013-03-07,49.16,49.2,48.8,49.05,319591,HII
2013-03-08,49.35,50.76,49.35,50.56,294669,HII
2013-03-09,49.65,50.83,49.57,50.67,268835,HII
2013-03-10,49.95,50.91,49.79,50.79,243000,HII
2013-03-11,50.25,50.98,50.01,50.9,217166,HII
2013-03-12,50.7,51.42,50.66,51.34,227461,HII
2013-03-13,51.38,53.11,51.38,52.85,320253,HII
2013-03-14,52.89,54.12,52.59,54.08,283378,HII
2013-03-15,54.21,54.22,53.61,54.02,530082,HII
2013-03-16,53.98,54.11,53.49,53.89,416974,HII
2013-03-17,53.76,54.01,53.37,53.77,303866,HII
2013-03-18,53.53,53.9,53.25,53.64,190758,HII
2013-03-19,52.91,53.33,52.27,52.5,364085,HII
2013-03-20,52.59,52.98,52.48,52.82,199325,HII
2013-03-21,52.64,52.96,51.83,52.05,206168,HII
2013-03-22,52.44,53.06,52.19,52.41,174187,HII
2013-03-23,52.5,53.1,52.16,52.39,176508,HII
2013-03-24,52.57,53.15,52.14,52.38,178829,HII
2013-03-25,52.63,53.19,52.11,52.36,181150,HII
2013-03-26,52.4,53.34,52.4,53.2,190432,HII
2013-03-27,52.89,53.08,52.63,52.96,121414,HII
2013-03-28,53.08,53.47,52.94,53.33,122777,HII
2013-03-29,53.19,53.64,53.0,53.44,146692,HII
2013-03-30,53.3,53.82,53.06,53.56,170607,HII
2013-03-31,53.41,53.99,53.13,53.67,194522,HII
2013-04-01,53.52,54.16,53.19,53.78,218437,HII
2013-04-02,53.94,53.96,52.29,52.48,228373,HII
2013-04-03,52.56,53.31,51.89,51.95,440087,HII
2013-04-04,52.19,52.67,51.79,51.91,163335,HII
2013-04-05,51.19,51.78,50.88,51.58,134340,HII
2013-04-06,51.43,51.83,50.89,51.49,152358,HII
2013-04-07,51.68,51.87,50.9,51.39,170377,HII
2013-04-08,51.92,51.92,50.91,51.3,188395,HII
2013-04-09,51.26,51.44,50.41,51.08,213909,HII
2013-04-10,50.98,51.86,50.96,51.86,240673,HII
2013-04-11,51.86,52.3,51.8,52.13,109898,HII
2013-04-12,52.17,53.68,52.17,53.65,543391,HII
2013-04-13,52.54,53.65,51.95,53.06,469515,HII
2013-04-14,52.91,53.61,51.72,52.46,395639,HII
2013-04-15,53.28,53.58,51.5,51.87,321763,HII
2013-04-16,52.42,52.63,50.66,51.5,177088,HII
2013-04-17,51.12,51.32,50.03,50.63,137975,HII
2013-04-18,50.87,50.87,49.84,50.11,214935,HII
2013-04-19,50.23,50.62,49.9,50.27,149812,HII
2013-04-20,50.23,50.52,49.85,50.22,141994,HII
2013-04-21,50.23,50.41,49.79,50.17,134177,HII
2013-04-22,50.23,50.31,49.73,50.12,126359,HII
2013-04-23,50.28,51.01,50.28,50.98,142507,HII
2013-04-24,51.0,51.39,50.89,51.28,140020,HII
2013-04-25,51.51,52.51,51.36,52.48,201246,HII
2013-04-26,52.52,52.75,51.71,51.88,194380,HII
2013-04-27,52.37,52.83,51.83,52.22,193138,HII
2013-04-28,52.23,52.91,51.96,52.57,191895,HII
2013-04-29,52.08,52.99,52.08,52.91,190653,HII
2013-04-30,52.91,53.11,52.64,52.9,195621,HII
2013-05-01,52.73,53.06,51.88,51.93,132256,HII
2013-05-02,52.05,53.02,51.43,52.95,169609,HII
2013-05-03,53.26,53.66,53.12,53.34,116444,HII
2013-05-04,53.25,53.69,53.03,53.37,123431,HII
2013-05-05,53.24,53.72,52.93,53.41,130417,HII
2013-05-06,53.23,53.75,52.84,53.44,137404,HII
2013-05-07,53.57,54.1,53.38,54.0,250170,HII
2013-05-08,54.0,54.45,52.55,53.52,179252,HII
2013-05-09,53.74,53.92,52.86,53.66,189638,HII
2013-05-10,53.7,54.05,53.49,53.81,145078,HII
2013-05-11,53.68,53.97,53.46,53.71,164596,HII
2013-05-12,53.66,53.88,53.43,53.61,184113,HII
2013-05-13,53.64,53.8,53.39,53.51,203631,HII
2013-05-14,53.56,54.24,53.5,54.15,227742,HII
2013-05-15,54.0,54.7,53.85,54.58,156987,HII
2013-05-16,54.67,55.39,54.49,55.17,209443,HII
2013-05-17,55.54,56.0,55.3,55.82,224339,HII
2013-05-18,55.63,55.94,55.25,55.63,259938,HII
2013-05-19,55.73,55.88,55.2,55.45,295536,HII
2013-05-20,55.82,55.82,55.15,55.26,331135,HII
2013-05-21,55.27,56.11,55.12,56.0,194275,HII
2013-05-22,56.15,56.54,55.35,55.57,204359,HII
2013-05-23,55.18,56.04,54.84,56.0,188633,HII
2013-05-24,55.84,56.0,55.1,55.34,126714,HII
2013-05-25,55.86,56.18,55.2,55.44,124848,HII
2013-05-26,55.89,56.36,55.3,55.54,122982,HII
2013-05-27,55.91,56.54,55.4,55.63,121116,HII
2013-05-28,55.93,56.72,55.5,55.73,119250,HII
2013-05-29,55.31,55.49,54.5,54.83,162547,HII
2013-05-30,54.7,55.81,54.7,55.29,178785,HII
2013-05-31,55.23,56.22,54.8,55.22,183845,HII
2013-06-01,55.26,56.0,54.59,54.97,222097,HII
2013-06-02,55.3,55.78,54.38,54.71,260349,HII
2013-06-03,55.33,55.56,54.17,54.46,298601,HII
2013-06-04,54.43,55.14,53.87,54.87,268182,HII
2013-06-05,54.66,55.05,53.98,54.44,187692,HII
2013-06-06,54.48,55.21,54.03,55.2,142054,HII
2013-06-07,55.19,56.14,52.41,56.02,135056,HII
2013-06-08,55.53,56.32,53.5,56.23,147158,HII
2013-06-09,55.87,56.49,54.59,56.45,159260,HII
2013-06-10,56.21,56.67,55.68,56.66,171362,HII
2013-06-11,56.04,56.47,55.34,56.03,114853,HII
2013-06-12,56.48,56.79,55.07,55.27,100995,HII
2013-06-13,55.09,56.08,55.02,55.99,187072,HII
2013-06-14,55.94,56.59,55.52,56.09,95428,HII
2013-06-15,56.12,56.63,55.55,56.16,138529,HII
2013-06-16,56.31,56.66,55.59,56.24,181630,HII
2013-06-17,56.49,56.7,55.62,56.31,224731,HII
2013-06-18,56.24,57.7,56.09,57.64,134099,HII
2013-06-19,57.64,57.64,56.57,56.65,109794,HII
2013-06-20,56.0,56.64,55.72,55.93,210055,HII
2013-06-21,55.95,56.13,54.85,55.05,451736,HII
2013-06-22,55.52,55.92,54.67,55.05,372638,HII
2013-06-23,55.09,55.71,54.5,55.04,293541,HII
2013-06-24,54.66,55.5,54.32,55.04,214443,HII
2013-06-25,55.39,55.5,54.62,54.68,277591,HII
2013-06-26,55.01,55.57,54.79,55.33,159405,HII
2013-06-27,55.7,56.82,55.7,56.59,173704,HII
2013-06-28,56.46,56.95,56.02,56.48,812416,HII
2013-06-29,56.58,57.14,56.14,56.63,623166,HII
2013-06-30,56.7,57.33,56.26,56.77,433917,HII
2013-07-01,56.82,57.52,56.37,56.92,244667,HII
2013-07-02,56.94,57.34,56.14,56.6,252304,HII
2013-07-03,56.5,57.34,56.5,57.3,354459,HII
2013-07-04,56.93,57.74,56.93,57.68,268838,HII
2013-07-05,57.36,58.14,57.36,58.05,183218,HII
2013-07-06,57.68,58.37,57.46,57.96,227187,HII
2013-07-07,57.99,58.6,57.56,57.87,271157,HII
2013-07-08,58.31,58.84,57.66,57.78,315126,HII
2013-07-09,58.16,58.81,57.84,58.27,137570,HII
2013-07-10,58.26,59.32,58.26,59.16,122386,HII
2013-07-11,59.85,60.76,59.74,60.59,228576,HII
2013-07-12,60.64,60.87,59.27,60.19,155455,HII
2013-07-13,60.56,60.9,59.55,60.42,150664,HII
2013-07-14,60.47,60.93,59.83,60.64,145872,HII
2013-07-15,60.39,60.96,60.11,60.87,141081,HII
2013-07-16,60.82,61.23,59.97,60.02,162975,HII
2013-07-17,60.18,60.67,60.06,60.5,144619,HII
2013-07-18,60.67,62.06,60.67,61.99,242944,HII
2013-07-19,61.76,62.9,61.76,62.79,267450,HII
2013-07-20,62.15,62.99,62.0,62.84,263966,HII
2013-07-21,62.54,63.09,62.25,62.88,260482,HII
2013-07-22,62.93,63.19,62.49,62.93,256998,HII
2013-07-23,63.07,63.4,62.86,63.26,177226,HII
2013-07-24,63.36,63.79,63.23,63.34,172616,HII
2013-07-25,63.31,63.31,62.41,63.09,145167,HII
2013-07-26,62.74,63.18,62.31,62.51,96254,HII
2013-07-27,62.58,62.99,62.22,62.37,98740,HII
2013-07-28,62.43,62.79,62.12,62.23,101226,HII
2013-07-29,62.27,62.6,62.03,62.09,103712,HII
2013-07-30,62.45,62.92,61.74,61.93,148131,HII
2013-07-31,62.15,62.51,61.85,62.18,307398,HII
2013-08-01,62.96,63.99,62.72,63.2,450290,HII
2013-08-02,62.98,63.5,62.94,63.35,180605,HII
2013-08-03,63.03,63.54,62.82,63.42,156985,HII
2013-08-04,63.07,63.59,62.7,63.48,133364,HII
2013-08-05,63.12,63.63,62.58,63.55,109744,HII
2013-08-06,63.32,63.62,62.77,63.19,120494,HII
2013-08-07,62.86,63.6,62.13,63.33,281944,HII
2013-08-08,63.7,63.99,63.19,63.53,416752,HII
2013-08-09,63.26,64.14,62.9,64.11,297431,HII
2013-08-10,63.5,64.32,63.19,64.21,297355,HII
2013-08-11,63.73,64.5,63.48,64.3,297280,HII
2013-08-12,63.97,64.68,63.77,64.4,297204,HII
2013-08-13,64.55,65.16,63.76,64.8,330264,HII
2013-08-14,64.85,64.89,63.84,63.92,140493,HII
2013-08-15,63.48,63.64,62.96,63.24,315796,HII
2013-08-16,63.24,63.9,63.24,63.47,123944,HII
2013-08-17,63.28,63.84,63.24,63.48,125212,HII
2013-08-18,63.32,63.77,63.25,63.49,126481,HII
2013-08-19,63.36,63.71,63.25,63.5,127749,HII
2013-08-20,63.5,64.46,63.45,63.96,131699,HII
2013-08-21,63.7,64.55,63.7,63.93,176037,HII
2013-08-22,64.13,65.7,64.03,65.21,113417,HII
2013-08-23,65.57,65.69,65.11,65.35,109808,HII
2013-08-24,65.47,65.93,65.08,65.44,129437,HII
2013-08-25,65.37,66.17,65.04,65.53,149066,HII
2013-08-26,65.27,66.41,65.01,65.62,168695,HII
2013-08-27,65.12,65.61,63.92,63.92,195272,HII
2013-08-28,63.95,64.75,63.76,64.22,95951,HII
2013-08-29,64.05,65.01,64.05,64.61,122167,HII
2013-08-30,64.58,64.71,63.22,63.32,220269,HII
2013-08-31,64.5,64.69,63.24,63.39,254036,HII
2013-09-01,64.42,64.68,63.26,63.46,287804,HII
2013-09-02,64.35,64.67,63.27,63.52,321571,HII
2013-09-03,64.27,64.65,63.29,63.59,355338,HII
2013-09-04,63.45,64.3,63.37,64.24,324652,HII
2013-09-05,64.09,64.34,63.9,64.13,128841,HII
2013-09-06,64.28,64.98,63.46,64.77,181451,HII
2013-09-07,64.4,65.3,63.85,65.15,164950,HII
2013-09-08,64.51,65.61,64.24,65.54,148448,HII
2013-09-09,64.63,65.93,64.63,65.92,131947,HII
2013-09-10,66.14,66.88,65.83,66.83,211495,HII
2013-09-11,66.68,67.56,66.56,67.56,136503,HII
2013-09-12,67.67,68.28,67.22,68.0,854725,HII
2013-09-13,68.0,68.18,66.78,67.85,302839,HII
2013-09-14,68.27,68.41,67.2,68.13,256959,HII
2013-09-15,68.54,68.63,67.63,68.42,211079,HII
2013-09-16,68.81,68.86,68.05,68.7,165199,HII
2013-09-17,68.73,69.4,68.32,69.32,256837,HII
2013-09-18,69.15,69.81,68.5,69.49,406110,HII
2013-09-19,69.52,69.73,68.78,69.09,158063,HII
2013-09-20,69.24,69.56,67.76,67.79,416577,HII
2013-09-21,68.8,69.1,67.65,67.73,405740,HII
2013-09-22,68.35,68.65,67.55,67.68,394904,HII
2013-09-23,67.91,68.19,67.44,67.62,384067,HII
2013-09-24,67.6,68.12,67.13,67.47,368764,HII
2013-09-25,67.51,67.78,67.09,67.38,407608,HII
2013-09-26,67.5,67.8,67.12,67.41,245642,HII
2013-09-27,66.93,67.5,66.57,67.42,274219,HII
2013-09-28,66.96,67.61,66.55,67.41,281297,HII
2013-09-29,67.0,67.71,66.52,67.41,288375,HII
2013-09-30,67.03,67.82,66.49,67.4,295453,HII
2013-10-01,67.25,68.93,67.25,68.72,422411,HII
2013-10-02,68.37,68.55,67.92,68.07,289811,HII
2013-10-03,67.96,68.04,67.17,67.63,415600,HII
2013-10-04,67.75,68.09,67.41,67.87,246055,HII
2013-10-05,67.64,68.02,67.2,67.77,234717,HII
2013-10-06,67.53,67.96,66.98,67.67,223380,HII
2013-10-07,67.42,67.89,66.77,67.57,212042,HII
2013-10-08,67.48,68.05,66.82,67.31,351614,HII
2013-10-09,67.53,68.02,66.7,67.41,489420,HII
2013-10-10,68.25,70.39,68.14,70.35,503215,HII
2013-10-11,69.96,70.96,69.72,70.76,740646,HII
2013-10-12,70.1,71.11,69.92,70.94,648090,HII
2013-10-13,70.23,71.25,70.13,71.12,555533,HII
2013-10-14,70.37,71.4,70.33,71.3,462977,HII
2013-10-15,71.24,71.55,70.89,71.19,317018,HII
2013-10-16,71.54,71.98,71.23,71.53,257680,HII
2013-10-17,71.22,72.21,71.22,71.95,316130,HII
2013-10-18,72.32,73.06,71.68,73.03,340752,HII
2013-10-19,72.56,73.12,71.84,72.78,289451,HII
2013-10-20,72.79,73.17,71.99,72.52,238149,HII
2013-10-21,73.03,73.23,72.15,72.27,186848,HII
2013-10-22,72.43,72.79,72.17,72.22,305046,HII
2013-10-23,71.94,72.5,71.79,72.07,341122,HII
2013-10-24,72.31,72.51,71.9,72.42,348073,HII
2013-10-25,72.49,72.49,71.57,71.94,394343,HII
2013-10-26,72.25,72.28,71.54,71.85,321569,HII
2013-10-27,72.01,72.06,71.5,71.75,248794,HII
2013-10-28,71.77,71.85,71.47,71.66,176020,HII
2013-10-29,71.65,72.02,71.47,72.0,244301,HII
2013-10-30,72.0,72.6,71.32,71.62,196384,HII
2013-10-31,71.87,72.33,71.52,71.55,311390,HII
2013-11-01,71.69,72.31,71.06,71.83,169027,HII
2013-11-02,71.78,72.49,71.31,72.15,190406,HII
2013-11-03,71.88,72.66,71.56,72.47,211784,HII
2013-11-04,71.97,72.84,71.81,72.79,233163,HII
2013-11-05,72.55,72.89,72.11,72.25,284865,HII
2013-11-06,72.41,72.98,72.18,72.65,173719,HII
2013-11-07,75.0,75.71,72.62,72.96,421553,HII
2013-11-08,73.78,76.09,72.98,76.08,538560,HII
2013-11-09,74.63,76.37,73.96,76.3,495080,HII
2013-11-10,75.48,76.64,74.93,76.51,451601,HII
2013-11-11,76.33,76.92,75.91,76.73,408121,HII
2013-11-12,76.75,77.58,76.55,77.25,480758,HII
2013-11-13,77.1,78.61,77.1,78.44,510862,HII
2013-11-14,78.6,79.43,78.49,78.97,350537,HII
2013-11-15,79.0,79.66,78.68,79.36,280498,HII
2013-11-16,79.31,79.89,78.77,79.28,307404,HII
2013-11-17,79.61,80.12,78.85,79.19,334311,HII
2013-11-18,79.92,80.35,78.94,79.11,361217,HII
2013-11-19,79.0,79.43,78.7,79.16,321235,HII
2013-11-20,79.4,80.09,78.83,79.45,231466,HII
2013-11-21,79.66,81.21,79.66,80.51,401532,HII
2013-11-22,80.41,80.61,80.24,80.47,519430,HII
2013-11-23,80.44,80.82,80.22,80.64,491550,HII
2013-11-24,80.47,81.04,80.21,80.82,463670,HII
2013-11-25,80.5,81.25,80.19,80.99,435790,HII
2013-11-26,80.97,82.0,80.61,81.86,311077,HII
2013-11-27,81.94,83.08,81.88,82.74,176588,HII
2013-11-28,82.38,83.05,81.94,82.48,162772,HII
2013-11-29,82.81,83.02,82.0,82.23,148957,HII
2013-11-30,82.73,83.17,82.01,82.3,251040,HII
2013-12-01,82.64,83.32,82.01,82.36,353122,HII
2013-12-02,82.56,83.47,82.02,82.43,455205,HII
2013-12-03,82.38,83.26,81.76,83.0,676711,HII
2013-12-04,82.73,83.17,82.08,82.77,561869,HII
2013-12-05,82.47,83.1,81.26,81.77,441456,HII
2013-12-06,82.26,82.73,82.04,82.31,326715,HII
2013-12-07,82.28,82.63,81.75,82.03,332634,HII
2013-12-08,82.29,82.54,81.47,81.76,338553,HII
2013-12-09,82.31,82.44,81.18,81.48,344472,HII
2013-12-10,81.12,81.42,80.31,80.41,470777,HII
2013-12-11,80.64,80.65,79.24,79.52,563239,HII
2013-12-12,79.55,80.67,79.47,80.24,776991,HII
2013-12-13,80.68,81.8,80.3,81.37,419586,HII
2013-12-14,80.96,82.22,80.71,81.84,408320,HII
2013-12-15,81.25,82.64,81.12,82.31,397054,HII
2013-12-16,81.53,83.06,81.53,82.78,385788,HII
2013-12-17,85.5,85.5,84.06,84.36,551714,HII
2013-12-18,84.83,84.94,83.29,84.69,556031,HII
2013-12-19,84.65,84.73,84.0,84.35,332953,HII
2013-12-20,84.73,87.7,84.59,87.04,882600,HII
2013-12-21,85.82,87.87,85.28,87.23,681033,HII
2013-12-22,86.91,88.04,85.98,87.43,479467,HII
2013-12-23,88.0,88.22,86.67,87.62,277900,HII
2013-12-24,87.53,88.25,87.41,87.86,63282,HII
2013-12-25,88.01,88.78,87.59,88.04,96555,HII
2013-12-26,88.49,89.3,87.77,88.23,129828,HII
2013-12-27,90.65,93.04,88.39,88.78,230747,HII
2013-12-28,90.02,91.7,88.37,88.79,208103,HII
2013-12-29,89.4,90.36,88.35,88.81,185459,HII
2013-12-30,88.77,89.02,88.33,88.82,162815,HII
2013-12-31,88.9,90.05,88.77,90.01,267242,HII
2014-01-01,89.26,90.06,88.1,88.96,373176,HII
2014-01-02,89.63,90.08,87.42,87.91,479111,HII
2014-01-03,87.86,88.54,87.5,88.42,394439,HII
2014-01-04,88.27,89.23,87.82,88.96,397854,HII
2014-01-05,88.69,89.91,88.14,89.5,401268,HII
2014-01-06,89.1,90.6,88.46,90.04,404683,HII
2014-01-07,92.0,93.2,90.85,91.19,437059,HII
2014-01-08,91.19,91.62,90.37,90.75,518561,HII
2014-01-09,91.36,91.68,90.4,90.87,273994,HII
2014-01-10,90.93,92.65,90.76,92.6,207480,HII
2014-01-11,91.54,93.09,91.39,92.74,286075,HII
2014-01-12,92.14,93.53,92.02,92.88,364669,HII
2014-01-13,92.75,93.98,92.65,93.02,443264,HII
2014-01-14,93.11,94.87,93.05,94.14,696518,HII
2014-01-15,94.75,95.49,94.44,95.3,623019,HII
2014-01-16,95.02,95.7,94.51,95.22,555824,HII
2014-01-17,95.2,95.61,95.04,95.24,390221,HII
2014-01-18,95.44,95.9,95.17,95.47,419416,HII
2014-01-19,95.68,96.18,95.3,95.7,448610,HII
2014-01-20,95.91,96.46,95.42,95.92,477804,HII
2014-01-21,96.15,96.75,95.55,96.15,506999,HII
2014-01-22,96.51,97.95,96.51,97.93,414715,HII
2014-01-23,97.35,97.88,97.0,97.2,448949,HII
2014-01-24,96.51,96.54,92.91,93.45,566342,HII
2014-01-25,95.5,95.83,92.4,93.3,569141,HII
2014-01-26,94.5,95.12,91.88,93.14,571939,HII
2014-01-27,93.49,94.41,91.37,92.99,574738,HII
2014-01-28,92.99,93.89,92.76,93.88,454289,HII
2014-01-29,93.05,94.07,92.61,93.23,279504,HII
2014-01-30,93.9,94.1,93.24,93.91,326902,HII
2014-01-31,92.86,95.78,92.83,95.02,632174,HII
2014-02-01,93.6,95.73,91.73,93.25,641886,HII
2014-02-02,94.34,95.68,90.62,91.48,651597,HII
2014-02-03,95.07,95.63,89.52,89.71,661309,HII
2014-02-04,89.92,91.29,88.94,90.7,721038,HII
2014-02-05,90.7,91.21,89.4,90.56,408313,HII
2014-02-06,90.93,92.0,90.08,90.82,333239,HII
2014-02-07,91.0,93.24,91.0,92.89,280340,HII
2014-02-08,91.64,93.13,91.1,92.4,254458,HII
2014-02-09,92.28,93.02,91.2,91.92,228575,HII
2014-02-10,92.92,92.92,91.3,91.43,202693,HII
2014-02-11,91.66,93.17,91.12,92.81,215984,HII
2014-02-12,92.99,94.11,92.75,93.48,368429,HII
2014-02-13,93.08,96.16,92.86,95.32,427272,HII
2014-02-14,95.14,96.38,94.58,96.01,344974,HII
2014-02-15,95.45,96.71,94.92,96.3,341298,HII
2014-02-16,95.76,97.04,95.26,96.59,337622,HII
2014-02-17,96.07,97.37,95.6,96.88,333945,HII
2014-02-18,96.38,97.7,95.94,97.17,330269,HII
2014-02-19,96.78,97.39,95.89,96.0,251373,HII
2014-02-20,96.23,98.33,95.82,98.01,373812,HII
2014-02-21,98.28,98.98,97.13,98.1,336235,HII
2014-02-22,98.28,99.18,97.44,98.1,355669,HII
2014-02-23,98.27,99.37,97.74,98.09,375104,HII
2014-02-24,98.27,99.57,98.05,98.09,394538,HII
2014-02-25,98.28,98.52,96.79,97.0,306139,HII
2014-02-26,97.32,97.73,96.41,96.9,456298,HII
2014-02-27,100.67,101.26,98.01,100.68,958270,HII
2014-02-28,101.43,102.58,100.34,101.33,582285,HII
2014-03-01,101.01,103.03,99.92,101.97,565500,HII
2014-03-02,100.59,103.47,99.49,102.62,548716,HII
2014-03-03,100.17,103.92,99.07,103.26,531931,HII
2014-03-04,105.79,105.79,103.8,104.55,502616,HII
2014-03-05,104.82,105.74,103.8,103.89,490347,HII
2014-03-06,104.13,106.04,103.61,104.96,862532,HII
2014-03-07,106.0,106.59,104.75,104.81,578328,HII
2014-03-08,105.65,106.31,104.71,105.0,532145,HII
2014-03-09,105.3,106.03,104.66,105.18,485963,HII
2014-03-10,104.95,105.75,104.62,105.37,439780,HII
2014-03-11,105.4,105.52,103.46,103.63,399578,HII
2014-03-12,103.0,104.11,102.12,103.86,416714,HII
2014-03-13,104.07,104.47,101.89,102.3,392049,HII
2014-03-14,102.3,103.45,101.86,102.35,381983,HII
2014-03-15,102.09,103.28,101.74,102.2,370573,HII
2014-03-16,101.87,103.11,101.62,102.04,359164,HII
2014-03-17,101.66,102.94,101.5,101.89,347754,HII
2014-03-18,101.75,102.39,101.55,102.31,322178,HII
2014-03-19,102.37,102.49,100.13,101.07,277075,HII
2014-03-20,101.18,101.4,100.34,100.69,298675,HII
2014-03-21,101.37,101.62,99.39,99.5,605581,HII
2014-03-22,101.06,101.25,98.88,99.63,551369,HII
2014-03-23,100.76,100.89,98.37,99.75,497158,HII
2014-03-24,100.45,100.52,97.86,99.88,442946,HII
2014-03-25,100.25,100.79,99.9,100.36,305938,HII
2014-03-26,100.73,101.52,99.36,99.4,312866,HII
2014-03-27,99.49,100.66,99.08,99.96,437640,HII
2014-03-28,100.21,101.65,99.77,99.9,322667,HII
2014-03-29,100.33,102.0,99.9,100.69,306166,HII
2014-03-30,100.45,102.34,100.02,101.47,289666,HII
2014-03-31,100.57,102.69,100.15,102.26,273165,HII
2014-04-01,102.34,103.77,102.17,103.32,381708,HII
2014-04-02,103.65,104.39,103.22,104.16,314139,HII
2014-04-03,104.61,104.87,103.68,104.49,263936,HII
2014-04-04,104.36,105.34,100.75,100.81,240748,HII
2014-04-05,103.19,103.84,100.14,100.48,281225,HII
2014-04-06,102.01,102.35,99.53,100.15,321703,HII
2014-04-07,100.84,100.85,98.92,99.82,362180,HII
2014-04-08,99.83,100.1,97.14,98.23,457895,HII
2014-04-09,98.98,100.61,98.59,100.27,290879,HII
2014-04-10,100.35,100.86,99.23,99.41,525016,HII
2014-04-11,99.21,100.16,98.05,98.17,313205,HII
2014-04-12,98.98,99.85,98.1,98.29,304531,HII
2014-04-13,98.74,99.54,98.14,98.4,295858,HII
2014-04-14,98.51,99.23,98.19,98.52,287184,HII
2014-04-15,98.52,100.09,97.2,99.81,339877,HII
2014-04-16,100.26,101.6,99.33,101.36,319693,HII
2014-04-17,101.36,104.12,101.36,104.04,303940,HII
2014-04-18,101.94,104.15,101.77,104.02,287408,HII
2014-04-19,102.52,104.17,102.18,104.0,270876,HII
2014-04-20,103.09,104.2,102.59,103.97,254344,HII
2014-04-21,103.67,104.22,103.0,103.95,237812,HII
2014-04-22,104.0,105.08,103.62,103.63,279728,HII
2014-04-23,103.73,104.24,103.21,104.1,292401,HII
2014-04-24,104.38,104.64,102.59,103.82,215533,HII
2014-04-25,103.3,103.58,100.48,100.56,259723,HII
2014-04-26,102.71,102.98,99.67,100.07,288065,HII
2014-04-27,102.13,102.37,98.86,99.57,316408,HII
2014-04-28,101.54,101.77,98.05,99.08,344750,HII
2014-04-29,99.45,101.48,99.23,101.28,161659,HII
2014-04-30,101.26,103.06,100.83,103.0,265881,HII
2014-05-01,102.97,104.42,102.46,103.22,123936,HII
2014-05-02,102.88,105.0,102.88,104.29,238102,HII
2014-05-03,103.24,104.85,102.77,104.05,232161,HII
2014-05-04,103.59,104.69,102.66,103.81,226220,HII
2014-05-05,103.95,104.54,102.55,103.57,220279,HII
2014-05-06,102.95,103.7,101.81,102.02,351252,HII
2014-05-07,102.12,103.96,101.21,103.75,244313,HII
2014-05-08,100.08,104.52,100.03,100.76,800130,HII
2014-05-09,100.51,101.58,98.93,100.23,565381,HII
2014-05-10,100.41,101.63,99.29,100.57,564508,HII
2014-05-11,100.3,101.67,99.65,100.9,563636,HII
2014-05-12,100.2,101.72,100.01,101.24,562763,HII
2014-05-13,101.45,101.84,101.16,101.7,258742,HII
2014-05-14,101.68,101.98,99.47,99.7,274650,HII
2014-05-15,98.36,98.69,95.35,96.45,549072,HII
2014-05-16,96.79,96.97,95.22,96.15,401144,HII
2014-05-17,96.46,97.07,95.28,96.1,431091,HII
2014-05-18,96.12,97.17,95.33,96.05,461038,HII
2014-05-19,95.79,97.27,95.39,96.0,490985,HII
2014-05-20,95.78,96.31,94.87,95.22,615460,HII
2014-05-21,95.7,96.54,95.29,96.41,441222,HII
2014-05-22,96.26,97.6,95.88,97.2,337378,HII
2014-05-23,97.5,99.01,97.29,98.62,380300,HII
2014-05-24,97.79,99.15,97.53,98.78,377296,HII
2014-05-25,98.08,99.28,97.77,98.95,374291,HII
2014-05-26,98.38,99.42,98.0,99.12,371286,HII
2014-05-27,98.67,99.55,98.24,99.28,368282,HII
2014-05-28,99.11,100.5,99.11,99.94,528649,HII
2014-05-29,100.44,100.44,98.99,99.38,226244,HII
2014-05-30,98.94,100.05,98.8,99.83,382225,HII
2014-05-31,99.14,100.45,98.76,100.22,386491,HII
2014-06-01,99.34,100.84,98.73,100.62,390757,HII
2014-06-02,99.54,101.24,98.69,101.01,395023,HII
2014-06-03,100.36,101.47,100.36,101.09,292267,HII
2014-06-04,100.94,101.58,100.66,101.13,280730,HII
2014-06-05,101.56,102.05,101.19,101.81,300023,HII
2014-06-06,102.0,102.83,101.98,102.5,346176,HII
2014-06-07,102.21,103.2,102.08,102.75,319344,HII
2014-06-08,102.43,103.56,102.18,102.99,292511,HII
2014-06-09,102.64,103.93,102.28,103.24,265679,HII
2014-06-10,102.88,103.16,101.5,102.6,361034,HII
2014-06-11,102.08,102.25,100.84,101.02,268985,HII
2014-06-12,100.95,100.96,98.88,99.14,227400,HII
2014-06-13,99.19,99.4,98.71,98.84,316245,HII
2014-06-14,98.99,99.29,98.52,98.7,311448,HII
2014-06-15,98.79,99.18,98.32,98.57,306651,HII
2014-06-16,98.59,99.06,98.13,98.43,301854,HII
2014-06-17,98.4,99.28,97.73,98.81,363086,HII
2014-06-18,99.06,99.44,96.85,97.87,422442,HII
2014-06-19,97.85,98.6,96.75,97.34,324857,HII
2014-06-20,97.21,97.95,96.78,97.15,497028,HII
2014-06-21,97.15,97.72,96.62,96.87,409280,HII
2014-06-22,97.1,97.49,96.46,96.59,321532,HII
2014-06-23,97.04,97.26,96.3,96.31,233784,HII
2014-06-24,96.0,96.24,93.82,93.9,328914,HII
2014-06-25,94.03,94.28,93.79,94.14,322437,HII
2014-06-26,94.14,94.21,93.04,93.59,234091,HII
2014-06-27,93.12,94.55,93.0,94.23,859152,HII
2014-06-28,93.58,94.59,93.17,94.35,712368,HII
2014-06-29,94.04,94.64,93.33,94.47,565583,HII
2014-06-30,94.5,94.68,93.5,94.59,418799,HII
2014-07-01,95.01,95.99,94.22,95.34,630424,HII
2014-07-02,95.0,95.59,94.1,94.21,277959,HII
2014-07-03,94.68,94.98,93.96,94.04,310270,HII
2014-07-04,94.51,94.74,93.77,93.91,290987,HII
2014-07-05,94.34,94.49,93.58,93.78,271704,HII
2014-07-06,94.17,94.24,93.4,93.66,252420,HII
2014-07-07,94.0,94.0,93.21,93.53,233137,HII
2014-07-08,93.5,93.66,91.74,92.21,367603,HII
2014-07-09,92.78,93.04,91.67,92.04,381786,HII
2014-07-10,91.05,92.66,90.64,92.42,436453,HII
2014-07-11,92.47,92.82,91.5,92.11,260321,HII
2014-07-12,92.6,92.97,91.67,92.33,291218,HII
2014-07-13,92.73,93.11,91.83,92.54,322115,HII
2014-07-14,92.86,93.26,92.0,92.76,353012,HII
2014-07-15,92.72,93.7,92.26,92.87,199029,HII
2014-07-16,93.53,93.7,91.74,91.74,398071,HII
2014-07-17,91.71,92.56,90.43,90.47,317349,HII
2014-07-18,90.64,92.31,90.57,92.05,290704,HII
2014-07-19,91.05,92.44,90.93,92.13,293490,HII
2014-07-20,91.45,92.58,91.29,92.21,296276,HII
2014-07-21,91.86,92.71,91.65,92.29,299062,HII
2014-07-22,93.04,93.46,92.47,93.04,254960,HII
2014-07-23,93.15,93.26,92.49,93.24,245252,HII
2014-07-24,93.24,93.51,92.68,93.4,328811,HII
2014-07-25,93.15,93.66,93.01,93.4,373449,HII
2014-07-26,93.29,93.73,93.03,93.48,357759,HII
2014-07-27,93.42,93.79,93.04,93.55,342068,HII
2014-07-28,93.56,93.86,93.06,93.63,326378,HII
2014-07-29,93.57,93.97,92.97,92.98,313086,HII
2014-07-30,93.22,93.74,92.75,93.06,284034,HII
2014-07-31,92.48,93.01,90.91,90.92,351407,HII
2014-08-01,90.53,91.79,89.33,90.41,435070,HII
2014-08-02,90.4,91.39,89.17,90.04,384468,HII
2014-08-03,90.26,90.99,89.0,89.66,333867,HII
2014-08-04,90.13,90.59,88.84,89.29,283265,HII
2014-08-05,89.1,90.48,88.62,89.96,301397,HII
2014-08-06,89.46,89.88,88.89,89.4,238209,HII
2014-08-07,89.7,93.38,89.56,93.16,426537,HII
2014-08-08,93.17,95.08,93.07,94.86,346449,HII
2014-08-09,94.15,95.96,93.93,95.25,327839,HII
2014-08-10,95.14,96.83,94.79,95.64,309230,HII
2014-08-11,96.12,97.71,95.64,96.03,290620,HII
2014-08-12,96.06,96.84,95.27,95.87,314824,HII
2014-08-13,96.57,99.32,96.57,99.22,305053,HII
2014-08-14,99.3,100.58,98.63,100.2,275477,HII
2014-08-15,100.39,100.86,98.95,99.71,250899,HII
2014-08-16,101.82,102.28,99.9,100.59,262847,HII
2014-08-17,103.26,103.7,100.85,101.47,274796,HII
2014-08-18,104.69,105.12,101.8,102.35,286744,HII
2014-08-19,101.68,103.48,101.68,102.79,455155,HII
2014-08-20,102.66,103.05,102.14,102.86,170851,HII
2014-08-21,102.82,103.55,102.58,103.43,183904,HII
2014-08-22,103.56,103.74,102.89,102.91,146635,HII
2014-08-23,103.53,103.77,102.93,103.0,145641,HII
2014-08-24,103.51,103.81,102.97,103.08,144648,HII
2014-08-25,103.48,103.84,103.01,103.17,143654,HII
2014-08-26,103.0,103.16,102.42,102.51,169849,HII
2014-08-27,102.63,103.47,102.27,103.0,219071,HII
2014-08-28,102.87,103.02,101.92,102.08,159241,HII
2014-08-29,102.11,102.45,101.48,102.11,104833,HII
2014-08-30,102.15,103.03,101.57,102.77,181922,HII
2014-08-31,102.18,103.62,101.66,103.42,259012,HII
2014-09-01,102.22,104.2,101.74,104.08,336101,HII
2014-09-02,102.26,104.78,101.83,104.74,413190,HII
2014-09-03,104.69,105.12,101.8,102.35,286744,HII
2014-09-04,102.48,102.97,100.84,101.17,232308,HII
2014-09-05,101.17,102.65,100.54,102.61,225876,HII
2014-09-06,101.62,102.96,101.17,102.87,215492,HII
2014-09-07,102.06,103.26,101.8,103.13,205108,HII
2014-09-08,102.51,103.57,102.43,103.39,194724,HII
2014-09-09,103.41,104.84,103.23,104.61,266105,HII
2014-09-10,104.75,106.4,104.53,106.25,311907,HII
2014-09-11,106.07,106.36,105.17,105.63,218625,HII
2014-09-12,105.34,105.89,104.94,105.17,202470,HII
2014-09-13,105.33,105.82,104.85,105.13,180642,HII
2014-09-14,105.31,105.76,104.75,105.1,158815,HII
2014-09-15,105.3,105.69,104.66,105.06,136987,HII
2014-09-16,105.24,106.4,104.85,105.78,270936,HII
2014-09-17,105.78,107.48,105.33,107.02,271166,HII
2014-09-18,107.61,107.88,107.0,107.59,157252,HII
2014-09-19,107.6,108.22,105.71,105.88,354769,HII
2014-09-20,106.94,107.35,105.07,105.37,295854,HII
2014-09-21,106.27,106.48,104.44,104.87,236939,HII
2014-09-22,105.61,105.61,103.8,104.36,178024,HII
2014-09-23,104.25,104.34,103.38,103.56,220137,HII
2014-09-24,103.46,104.51,103.05,104.41,334630,HII
2014-09-25,103.95,104.26,103.24,104.1,273444,HII
2014-09-26,104.15,105.15,103.53,104.88,263076,HII
2014-09-27,104.1,105.21,103.59,104.99,243521,HII
2014-09-28,104.04,105.26,103.66,105.09,223967,HII
2014-09-29,103.99,105.32,103.72,105.2,204412,HII
2014-09-30,105.04,105.45,104.05,104.21,241723,HII
2014-10-01,103.8,103.8,101.39,103.04,441732,HII
2014-10-02,103.0,103.87,102.0,102.9,318091,HII
2014-10-03,103.62,104.47,103.19,103.93,224650,HII
2014-10-04,103.69,104.32,102.66,103.26,251494,HII
2014-10-05,103.77,104.18,102.13,102.6,278339,HII
2014-10-06,103.84,104.03,101.6,101.93,305183,HII
2014-10-07,101.57,101.57,98.27,98.41,539735,HII
2014-10-08,98.53,99.52,97.23,99.4,448323,HII
2014-10-09,98.95,99.02,97.58,97.91,313250,HII
2014-10-10,97.49,98.09,95.26,95.3,408528,HII
2014-10-11,96.74,97.43,94.27,94.32,412896,HII
2014-10-12,95.98,96.78,93.28,93.35,417264,HII
2014-10-13,95.23,96.12,92.29,92.37,421632,HII
2014-10-14,92.8,94.89,92.4,93.91,324526,HII
2014-10-15,92.25,94.07,90.46,93.31,425698,HII
2014-10-16,91.5,93.39,91.1,92.53,442193,HII
2014-10-17,93.85,94.63,93.32,94.34,467428,HII
2014-10-18,93.83,94.44,93.07,93.95,438424,HII
2014-10-19,93.8,94.25,92.82,93.56,409421,HII
2014-10-20,93.78,94.06,92.56,93.17,380417,HII
2014-10-21,93.27,96.87,93.27,96.84,257937,HII
2014-10-22,97.0,98.38,96.12,96.23,183880,HII
2014-10-23,97.43,98.87,97.4,97.73,187087,HII
2014-10-24,97.72,97.96,97.04,97.65,253793,HII
2014-10-25,97.65,98.3,97.04,98.07,279640,HII
2014-10-26,97.57,98.63,97.04,98.49,305487,HII
2014-10-27,97.5,98.96,97.04,98.91,331334,HII
2014-10-28,99.24,102.03,99.17,102.02,257102,HII
2014-10-29,101.99,103.44,101.79,103.31,298183,HII
2014-10-30,108.15,108.57,107.6,108.36,188440,HII
2014-10-31,105.0,106.0,104.62,105.82,251633,HII
2014-11-01,105.12,106.11,104.55,105.63,242152,HII
2014-11-02,105.23,106.21,104.47,105.43,232672,HII
2014-11-03,105.35,106.32,104.39,105.24,223191,HII
2014-11-04,105.2,105.83,104.74,105.49,360300,HII
2014-11-05,105.76,106.27,104.61,104.96,279480,HII
2014-11-06,100.7,105.94,100.0,105.92,326001,HII
2014-11-07,106.0,107.02,105.5,106.83,546056,HII
2014-11-08,106.39,107.9,105.95,107.74,500040,HII
2014-11-09,106.78,108.78,106.39,108.65,454023,HII
2014-11-10,107.17,109.66,106.84,109.56,408007,HII
2014-11-11,109.84,110.38,107.08,108.28,346116,HII
2014-11-12,108.15,108.57,107.6,108.36,188440,HII
2014-11-13,108.28,108.89,107.59,107.83,273101,HII
2014-11-14,107.58,108.61,107.25,107.85,228573,HII
2014-11-15,107.61,108.49,107.33,107.92,214041,HII
2014-11-16,107.64,108.37,107.4,107.98,199509,HII
2014-11-17,107.67,108.25,107.48,108.05,184977,HII
2014-11-18,108.51,109.0,108.16,108.69,299470,HII
2014-11-19,108.34,109.14,107.65,109.08,154169,HII
2014-11-20,108.2,108.99,108.03,108.44,192735,HII
2014-11-21,109.59,109.75,107.76,107.96,217030,HII
2014-11-22,109.05,109.87,107.83,108.66,196176,HII
2014-11-23,108.5,109.99,107.89,109.36,175322,HII
2014-11-24,107.96,110.11,107.96,110.06,154468,HII
2014-11-25,109.75,110.45,109.44,110.13,134794,HII
2014-11-26,109.9,110.25,108.87,109.44,109430,HII
2014-11-27,109.44,110.21,108.84,109.2,108076,HII
2014-11-28,108.99,110.17,108.82,108.97,106721,HII
2014-11-29,108.73,109.8,108.22,108.34,147036,HII
2014-11-30,108.46,109.42,107.62,107.72,187351,HII
2014-12-01,108.2,109.05,107.02,107.09,227666,HII
2014-12-02,106.7,108.8,106.58,107.7,199861,HII
2014-12-03,107.68,109.45,107.39,109.28,192080,HII
2014-12-04,108.48,109.22,107.28,107.53,153914,HII
2014-12-05,108.0,110.0,108.0,109.34,287823,HII
2014-12-06,108.43,110.07,107.99,109.0,297548,HII
2014-12-07,108.85,110.14,107.98,108.67,307273,HII
2014-12-08,109.28,110.21,107.97,108.33,316998,HII
2014-12-09,106.77,108.11,105.78,107.71,188679,HII
2014-12-10,107.28,107.28,104.13,104.21,148477,HII
2014-12-11,104.53,105.67,104.4,104.74,173334,HII
2014-12-12,103.59,104.54,103.04,103.65,286880,HII
2014-12-13,103.84,104.48,102.87,103.68,269457,HII
2014-12-14,104.09,104.42,102.69,103.7,252034,HII
2014-12-15,104.34,104.36,102.52,103.73,234611,HII
2014-12-16,103.46,105.36,102.65,104.61,267559,HII
2014-12-17,104.9,107.22,103.78,106.84,232665,HII
2014-12-18,107.34,110.28,106.93,110.23,276915,HII
2014-12-19,110.0,111.62,109.93,111.34,385409,HII
2014-12-20,110.58,112.89,110.5,112.46,372665,HII
2014-12-21,111.17,114.15,111.06,113.58,359922,HII
2014-12-22,111.75,115.42,111.63,114.7,347178,HII
2014-12-23,115.37,116.29,114.48,114.6,318706,HII
2014-12-24,114.52,115.4,114.25,114.84,82564,HII
2014-12-25,114.94,115.59,114.23,115.16,87556,HII
2014-12-26,115.37,115.79,114.21,115.48,92548,HII
2014-12-27,115.28,115.88,114.45,115.31,96994,HII
2014-12-28,115.18,115.96,114.68,115.15,101439,HII
2014-12-29,115.09,116.05,114.92,114.98,105885,HII
2014-12-30,114.51,115.27,114.18,114.33,133652,HII
2014-12-31,114.52,115.24,112.44,112.46,225795,HII
2015-01-01,113.5,114.31,111.52,112.18,212440,HII
2015-01-02,112.49,113.39,110.59,111.91,199086,HII
2015-01-03,112.21,112.95,110.2,111.35,202780,HII
2015-01-04,111.93,112.51,109.81,110.79,206474,HII
2015-01-05,111.65,112.07,109.42,110.23,210168,HII
2015-01-06,111.74,115.04,111.01,114.28,438346,HII
2015-01-07,115.06,116.18,113.09,114.08,381675,HII
2015-01-08,115.08,117.91,114.57,117.74,341081,HII
2015-01-09,117.65,118.42,115.82,115.88,183269,HII
2015-01-10,117.25,117.79,115.26,115.75,206969,HII
2015-01-11,116.86,117.16,114.71,115.63,230669,HII
2015-01-12,116.46,116.54,114.16,115.5,254369,HII
2015-01-13,115.79,117.56,113.76,114.92,300847,HII
2015-01-14,113.15,115.16,112.33,113.53,432686,HII
2015-01-15,113.36,114.93,111.83,112.84,335950,HII
2015-01-16,112.28,115.83,112.28,115.65,274085,HII
2015-01-17,113.11,115.99,112.55,115.44,297987,HII
2015-01-18,113.94,116.14,112.82,115.22,321889,HII
2015-01-19,114.77,116.3,113.1,115.01,345791,HII
2015-01-20,115.6,116.46,113.37,114.79,369693,HII
2015-01-21,114.6,116.11,114.01,115.91,285869,HII
2015-01-22,116.88,119.78,115.43,119.4,312624,HII
2015-01-23,119.4,119.83,117.87,119.61,258995,HII
2015-01-24,119.34,119.74,117.83,119.58,263467,HII
2015-01-25,119.28,119.66,117.79,119.55,267938,HII
2015-01-26,119.22,119.57,117.75,119.52,272410,HII
2015-01-27,117.65,119.69,117.65,119.05,309833,HII
2015-01-28,120.28,120.79,117.91,118.44,216191,HII
2015-01-29,118.53,118.92,116.64,118.49,224709,HII
2015-01-30,117.51,118.41,116.24,116.6,283192,HII
2015-01-31,117.25,118.29,115.7,117.07,263397,HII
2015-02-01,116.98,118.18,115.15,117.54,243603,HII
2015-02-02,116.72,118.06,114.61,118.01,223808,HII
2015-02-03,118.5,121.31,118.5,121.17,317005,HII
2015-02-04,121.17,121.93,120.42,120.86,208060,HII
2015-02-05,121.88,122.21,120.51,120.84,184039,HII
2015-02-06,120.6,122.49,120.14,121.71,375224,HII
2015-02-07,120.72,122.19,119.77,120.88,320855,HII
2015-02-08,120.84,121.9,119.4,120.05,266485,HII
2015-02-09,120.96,121.6,119.03,119.22,212116,HII
2015-02-10,120.0,120.72,118.88,120.49,175989,HII
2015-02-11,119.92,122.32,119.92,121.97,256746,HII
2015-02-12,122.85,124.58,121.83,124.1,284916,HII
2015-02-13,124.03,125.27,123.1,125.12,402424,HII
2015-02-14,124.38,125.7,123.58,125.22,406976,HII
2015-02-15,124.72,126.13,124.06,125.32,411529,HII
2015-02-16,125.06,126.56,124.54,125.41,416082,HII
2015-02-17,125.41,126.99,125.02,125.51,420634,HII
2015-02-18,125.2,128.45,125.2,128.41,528949,HII
2015-02-19,132.0,138.78,129.37,133.0,1073971,HII
2015-02-20,133.0,137.8,132.45,137.69,821893,HII
2015-02-21,134.57,139.34,134.21,139.26,725681,HII
2015-02-22,136.15,140.88,135.96,140.84,629469,HII
2015-02-23,137.72,142.42,137.72,142.41,533257,HII
2015-02-24,140.67,142.28,138.43,139.67,648851,HII
2015-02-25,140.13,143.53,139.45,142.07,489021,HII
2015-02-26,141.1,143.86,140.91,142.64,385780,HII
2015-02-27,143.0,143.06,141.18,141.33,328133,HII
2015-02-28,142.1,143.32,140.89,142.07,411936,HII
2015-03-01,141.21,143.57,140.6,142.81,495739,HII
2015-03-02,140.31,143.83,140.31,143.55,579542,HII
2015-03-03,142.49,143.77,140.88,142.19,302594,HII
2015-03-04,141.55,143.3,140.39,142.92,417869,HII
2015-03-05,143.06,143.06,140.6,140.88,256887,HII
2015-03-06,139.65,139.98,136.15,137.07,449112,HII
2015-03-07,138.99,140.11,136.38,137.81,420372,HII
2015-03-08,138.32,140.25,136.61,138.55,391633,HII
2015-03-09,137.66,140.38,136.84,139.29,362893,HII
2015-03-10,138.25,138.92,136.94,137.33,317240,HII
2015-03-11,137.75,138.99,136.62,138.91,327408,HII
2015-03-12,140.06,141.13,138.94,140.65,244351,HII
2015-03-13,140.11,141.63,138.42,139.33,254294,HII
2015-03-14,140.13,141.47,138.53,139.36,292460,HII
2015-03-15,140.15,141.31,138.64,139.4,330627,HII
2015-03-16,140.17,141.15,138.75,139.43,368793,HII
2015-03-17,139.04,140.69,137.86,140.36,244005,HII
2015-03-18,140.23,141.71,138.46,141.48,208951,HII
2015-03-19,141.67,141.94,140.06,141.33,194963,HII
2015-03-20,141.95,144.0,141.49,143.07,405981,HII
2015-03-21,142.35,143.86,141.34,142.79,357455,HII
2015-03-22,142.75,143.72,141.18,142.51,308929,HII
2015-03-23,143.15,143.58,141.03,142.23,260403,HII
2015-03-24,142.47,143.73,141.28,142.24,268489,HII
2015-03-25,142.24,142.33,137.86,138.0,213737,HII
2015-03-26,137.79,139.28,137.12,138.3,286096,HII
2015-03-27,138.41,139.31,137.13,137.63,460443,HII
2015-03-28,138.61,140.46,137.57,139.06,436610,HII
2015-03-29,138.81,141.62,138.01,140.48,412776,HII
2015-03-30,139.01,142.77,138.45,141.91,388943,HII
2015-03-31,141.46,142.02,139.24,140.15,287340,HII
2015-04-01,139.93,140.79,137.66,140.63,234289,HII
2015-04-02,140.62,141.69,138.75,139.44,162070,HII
2015-04-03,140.16,141.65,138.72,139.93,168592,HII
2015-04-04,139.7,141.62,138.7,140.41,175114,HII
2015-04-05,139.24,141.58,138.68,140.89,181636,HII
2015-04-06,138.78,141.54,138.65,141.38,188158,HII
2015-04-07,141.38,142.99,141.26,141.42,193185,HII
2015-04-08,141.62,142.49,140.4,140.82,232057,HII
2015-04-09,140.16,140.81,139.46,140.34,208287,HII
2015-04-10,140.23,142.02,140.23,142.0,240569,HII
2015-04-11,140.59,141.91,140.15,141.42,248270,HII
2015-04-12,140.94,141.81,140.06,140.83,255972,HII
2015-04-13,141.3,141.7,139.98,140.25,263673,HII
2015-04-14,140.2,140.84,138.74,139.0,270073,HII
2015-04-15,140.21,140.7,139.24,139.73,228095,HII
2015-04-16,139.94,140.93,138.74,140.56,259160,HII
2015-04-17,139.41,139.41,136.83,137.5,156897,HII
2015-04-18,138.93,139.24,137.05,137.72,167840,HII
2015-04-19,138.44,139.07,137.28,137.94,178784,HII
2015-04-20,137.96,138.9,137.5,138.16,189727,HII
2015-04-21,139.06,139.77,138.12,139.21,353034,HII
2015-04-22,139.15,140.15,137.34,139.76,169266,HII
2015-04-23,138.94,139.99,138.51,139.01,209970,HII
2015-04-24,139.12,139.91,138.69,139.56,131278,HII
2015-04-25,139.26,139.97,138.18,139.08,151854,HII
2015-04-26,139.4,140.04,137.68,138.6,172429,HII
2015-04-27,139.54,140.1,137.17,138.12,193005,HII
2015-04-28,137.5,138.7,136.12,137.22,203873,HII
2015-04-29,137.03,137.7,136.58,136.69,199467,HII
2015-04-30,135.64,136.58,131.32,131.59,433246,HII
2015-05-01,132.06,134.54,131.41,133.96,291750,HII
2015-05-02,132.59,135.11,131.64,134.53,271972,HII
2015-05-03,133.11,135.67,131.86,135.09,252193,HII
2015-05-04,133.64,136.24,132.09,135.66,232415,HII
2015-05-05,135.93,136.16,133.68,133.87,300835,HII
2015-05-06,134.33,134.92,132.93,133.73,293948,HII
2015-05-07,128.81,128.81,120.52,123.53,1337720,HII
2015-05-08,121.42,122.56,116.9,118.75,1286836,HII
2015-05-09,120.46,122.34,117.44,119.48,1069909,HII
2015-05-10,119.51,122.12,117.97,120.22,852982,HII
2015-05-11,118.55,121.9,118.51,120.95,636055,HII
2015-05-12,120.03,121.51,119.38,120.67,504578,HII
2015-05-13,121.64,123.07,121.02,122.59,444408,HII
2015-05-14,122.95,124.72,122.85,124.15,309928,HII
2015-05-15,124.06,124.31,122.55,122.9,257621,HII
2015-05-16,123.54,124.12,122.37,123.1,244450,HII
2015-05-17,123.02,123.92,122.18,123.3,231280,HII
2015-05-18,122.5,123.73,122.0,123.5,218109,HII
2015-05-19,120.0,121.49,119.65,120.49,395609,HII
2015-05-20,121.16,122.61,119.92,122.13,343226,HII
2015-05-21,122.72,123.68,122.1,123.13,242237,HII
2015-05-22,122.49,123.42,121.36,122.86,261266,HII
2015-05-23,122.42,123.25,121.5,122.73,290254,HII
2015-05-24,122.34,123.08,121.63,122.6,319242,HII
2015-05-25,122.26,122.9,121.76,122.46,348231,HII
2015-05-26,122.19,122.73,121.9,122.33,377219,HII
2015-05-27,122.0,124.24,121.36,123.91,263155,HII
2015-05-28,123.46,124.16,122.54,123.41,254299,HII
2015-05-29,123.46,124.39,121.85,123.99,402688,HII
2015-05-30,123.95,124.57,121.61,123.24,459141,HII
2015-05-31,124.43,124.74,121.38,122.48,515594,HII
2015-06-01,124.92,124.92,121.14,121.73,572047,HII
2015-06-02,120.5,123.52,120.5,121.93,329072,HII
2015-06-03,122.56,123.57,121.35,121.78,252792,HII
2015-06-04,121.1,121.9,118.13,119.38,254170,HII
2015-06-05,119.01,119.74,117.72,119.67,223000,HII
2015-06-06,119.26,119.82,117.98,119.42,219394,HII
2015-06-07,119.51,119.91,118.23,119.16,215787,HII
2015-06-08,119.76,119.99,118.49,118.91,212181,HII
2015-06-09,119.08,119.08,117.32,117.44,251556,HII
2015-06-10,118.16,119.97,117.89,118.75,401176,HII
2015-06-11,118.82,119.57,118.1,118.53,564246,HII
2015-06-12,117.53,118.41,117.38,118.13,291122,HII
2015-06-13,117.39,118.21,116.75,117.65,306136,HII
2015-06-14,117.24,118.02,116.13,117.18,321149,HII
2015-06-15,117.1,117.82,115.5,116.7,336163,HII
2015-06-16,116.84,118.11,116.34,116.86,293683,HII
2015-06-17,117.0,117.98,116.04,117.58,285391,HII
2015-06-18,117.69,118.81,117.46,117.98,334316,HII
2015-06-19,117.68,118.61,117.43,117.44,326708,HII
2015-06-20,117.8,118.45,117.18,117.63,305284,HII
2015-06-21,117.91,118.28,116.93,117.83,283861,HII
2015-06-22,118.03,118.12,116.68,118.02,262437,HII
2015-06-23,117.89,119.37,116.41,119.3,429011,HII
2015-06-24,119.25,119.25,116.18,116.27,254967,HII
2015-06-25,116.7,117.08,115.74,116.19,239377,HII
2015-06-26,116.19,116.55,114.71,114.84,488232,HII
2015-06-27,115.36,115.74,113.89,114.04,422001,HII
2015-06-28,114.54,114.92,113.07,113.25,355769,HII
2015-06-29,113.71,114.11,112.25,112.45,289538,HII
2015-06-30,113.58,113.58,111.38,112.59,476271,HII
2015-07-01,113.57,114.45,112.92,113.79,346318,HII
2015-07-02,114.47,114.47,112.43,113.07,247849,HII
2015-07-03,113.82,114.3,112.24,113.12,265409,HII
2015-07-04,113.17,114.13,112.04,113.16,282969,HII
2015-07-05,112.52,113.96,111.84,113.21,300529,HII
2015-07-06,111.87,113.79,111.65,113.26,318089,HII
2015-07-07,113.45,114.58,111.84,114.32,283858,HII
2015-07-08,113.14,113.75,111.3,111.93,407116,HII
2015-07-09,113.38,113.97,112.45,112.59,156218,HII
2015-07-10,114.0,114.88,113.3,114.17,213680,HII
2015-07-11,114.38,115.52,113.91,114.85,225994,HII
2015-07-12,114.75,116.15,114.52,115.53,238307,HII
2015-07-13,115.13,116.79,115.13,116.21,250621,HII
2015-07-14,115.98,117.35,115.02,117.11,283673,HII
2015-07-15,116.84,117.07,115.01,115.74,192363,HII
2015-07-16,116.74,117.62,115.62,117.59,249303,HII
2015-07-17,117.36,117.64,116.02,116.62,188850,HII
2015-07-18,117.27,117.51,115.97,116.47,186524,HII
2015-07-19,117.19,117.38,115.92,116.32,184199,HII
2015-07-20,117.1,117.26,115.87,116.17,181873,HII
2015-07-21,116.34,116.48,114.45,115.46,247434,HII
2015-07-22,114.96,115.15,113.96,114.7,232156,HII
2015-07-23,115.02,116.98,114.17,114.84,219983,HII
2015-07-24,114.94,115.52,111.72,112.04,249516,HII
2015-07-25,113.86,114.53,111.31,112.11,234035,HII
2015-07-26,112.77,113.54,110.9,112.18,218554,HII
2015-07-27,111.69,112.55,110.5,112.25,203073,HII
2015-07-28,113.22,114.99,112.27,114.86,299106,HII
2015-07-29,114.74,117.97,114.47,117.48,412146,HII
2015-07-30,117.0,117.76,115.04,116.61,249887,HII
2015-07-31,116.97,118.3,115.84,117.41,302930,HII
2015-08-01,116.99,117.88,115.58,116.85,294724,HII
2015-08-02,117.01,117.46,115.32,116.29,286518,HII
2015-08-03,117.03,117.03,115.06,115.73,278312,HII
2015-08-04,115.84,116.9,114.61,115.95,248167,HII
2015-08-05,116.65,118.8,115.77,117.12,444263,HII
2015-08-06,116.46,128.22,114.71,122.26,591258,HII
2015-08-07,121.61,122.31,113.54,115.81,658671,HII
2015-08-08,120.08,121.88,114.52,117.39,562094,HII
2015-08-09,118.55,121.45,115.51,118.97,465518,HII
2015-08-10,117.02,121.02,116.49,120.55,368941,HII
2015-08-11,119.55,120.75,118.38,118.98,349851,HII
2015-08-12,117.98,117.99,114.64,117.69,411184,HII
2015-08-13,117.4,118.73,116.76,117.18,359938,HII
2015-08-14,116.91,119.8,116.61,119.2,288853,HII
2015-08-15,117.47,120.04,116.99,119.51,302755,HII
2015-08-16,118.03,120.29,117.37,119.82,316657,HII
2015-08-17,118.59,120.53,117.76,120.13,330559,HII
2015-08-18,119.75,121.4,119.56,120.53,208478,HII
2015-08-19,119.81,120.37,117.74,118.31,368154,HII
2015-08-20,117.7,118.06,112.67,112.78,403840,HII
2015-08-21,111.91,114.04,109.98,110.07,484344,HII
2015-08-22,109.21,113.36,107.57,109.17,526274,HII
2015-08-23,106.51,112.69,105.17,108.26,568204,HII
2015-08-24,103.81,112.01,102.76,107.36,610134,HII
2015-08-25,110.33,110.33,104.56,104.87,430564,HII
2015-08-26,106.53,109.53,105.4,109.39,364763,HII
2015-08-27,110.35,113.62,110.13,113.13,385625,HII
2015-08-28,112.5,114.13,111.48,113.57,392997,HII
2015-08-29,112.64,114.21,111.62,113.24,357080,HII
2015-08-30,112.79,114.3,111.77,112.91,321164,HII
2015-08-31,112.93,114.38,111.91,112.58,285247,HII
2015-09-01,110.9,112.26,106.97,107.55,867180,HII
2015-09-02,109.4,114.34,108.4,114.26,765684,HII
2015-09-03,114.4,116.18,113.64,113.99,506099,HII
2015-09-04,112.43,113.77,111.85,112.61,221498,HII
2015-09-05,112.95,114.35,112.23,113.46,233752,HII
2015-09-06,113.48,114.93,112.61,114.3,246007,HII
2015-09-07,114.0,115.51,112.99,115.15,258262,HII
2015-09-08,114.52,116.09,113.37,116.0,270516,HII
2015-09-09,116.95,117.26,114.55,114.79,238552,HII
2015-09-10,114.85,116.91,114.06,115.23,238494,HII
2015-09-11,114.1,115.65,113.8,115.54,130990,HII
2015-09-12,114.53,115.56,113.88,115.37,136216,HII
2015-09-13,114.95,115.48,113.95,115.21,141441,HII
2015-09-14,115.38,115.39,114.03,115.04,146667,HII
2015-09-15,115.64,116.45,114.99,116.3,138915,HII
2015-09-16,116.43,116.8,115.02,116.4,245457,HII
2015-09-17,116.29,117.18,115.04,115.28,167097,HII
2015-09-18,114.12,114.4,111.2,111.6,481639,HII
2015-09-19,113.61,113.8,110.91,111.34,414615,HII
2015-09-20,113.11,113.2,110.63,111.09,347591,HII
2015-09-21,112.6,112.6,110.34,110.83,280567,HII
2015-09-22,109.24,110.13,108.08,109.01,199509,HII
2015-09-23,109.85,109.89,107.05,107.24,116225,HII
2015-09-24,105.79,107.53,104.99,107.08,244677,HII
2015-09-25,108.15,108.3,105.14,105.72,161455,HII
2015-09-26,107.06,107.38,104.57,105.14,209082,HII
2015-09-27,105.98,106.47,104.0,104.56,256709,HII
2015-09-28,104.89,105.55,103.43,103.98,304336,HII
2015-09-29,104.48,105.66,103.51,105.35,240248,HII
2015-09-30,106.75,107.66,105.65,107.15,245479,HII
2015-10-01,106.85,107.62,104.52,105.75,317107,HII
2015-10-02,104.23,106.94,103.58,106.94,188663,HII
2015-10-03,105.56,107.59,104.88,107.39,224305,HII
2015-10-04,106.9,108.25,106.18,107.85,259947,HII
2015-10-05,108.23,108.9,107.48,108.3,295589,HII
2015-10-06,108.49,109.4,107.99,108.3,225921,HII
2015-10-07,109.22,110.98,108.06,110.22,307838,HII
2015-10-08,109.62,112.18,109.05,111.47,234199,HII
2015-10-09,112.25,113.7,111.12,113.51,221834,HII
2015-10-10,112.68,113.65,111.27,112.97,214156,HII
2015-10-11,113.11,113.59,111.41,112.43,206477,HII
2015-10-12,113.54,113.54,111.56,111.89,198799,HII
2015-10-13,111.01,112.13,109.42,109.52,230498,HII
2015-10-14,109.98,110.75,108.22,108.61,239984,HII
2015-10-15,108.58,109.06,106.65,108.3,207436,HII
2015-10-16,108.18,108.33,105.45,106.24,156249,HII
2015-10-17,107.31,107.66,105.09,105.7,212117,HII
2015-10-18,106.44,107.0,104.73,105.17,267985,HII
2015-10-19,105.57,106.33,104.37,104.63,323853,HII
2015-10-20,104.59,106.36,104.41,105.22,244572,HII
2015-10-21,105.93,106.44,105.08,105.24,142309,HII
2015-10-22,105.62,107.44,105.4,106.67,212274,HII
2015-10-23,107.51,109.22,107.41,108.73,234253,HII
2015-10-24,107.91,109.07,107.35,108.37,255469,HII
2015-10-25,108.31,108.93,107.3,108.0,276685,HII
2015-10-26,108.71,108.78,107.24,107.64,297901,HII
2015-10-27,107.76,110.27,106.76,110.13,484199,HII
2015-10-28,111.01,112.94,110.16,112.71,319469,HII
2015-10-29,112.22,113.98,112.22,113.82,181921,HII
2015-10-30,114.66,121.01,113.58,119.94,652218,HII
2015-10-31,116.54,121.32,115.02,120.32,549168,HII
2015-11-01,118.42,121.62,116.46,120.7,446117,HII
2015-11-02,120.3,121.93,117.9,121.08,343067,HII
2015-11-03,120.58,121.78,119.68,121.63,298128,HII
2015-11-04,122.1,122.34,119.25,120.37,504709,HII
2015-11-05,121.57,131.19,120.7,130.13,820135,HII
2015-11-06,130.97,131.08,126.91,129.0,439056,HII
2015-11-07,130.24,130.37,126.54,128.53,399251,HII
2015-11-08,129.5,129.67,126.18,128.05,359446,HII
2015-11-09,128.77,128.96,125.81,127.58,319641,HII
2015-11-10,127.57,128.75,125.98,128.16,407366,HII
2015-11-11,129.16,131.07,127.94,130.58,543423,HII
2015-11-12,129.19,130.14,127.99,127.99,310864,HII
2015-11-13,127.51,128.08,126.2,127.49,278814,HII
2015-11-14,127.7,129.25,126.59,128.81,290970,HII
2015-11-15,127.9,130.41,126.98,130.13,303127,HII
2015-11-16,128.09,131.58,127.36,131.45,315283,HII
2015-11-17,132.05,133.86,130.73,131.75,312755,HII
2015-11-18,132.0,132.6,130.28,131.43,416816,HII
2015-11-19,132.39,134.22,130.61,134.08,376707,HII
2015-11-20,135.3,136.55,133.52,134.52,271675,HII
2015-11-21,135.22,136.22,133.31,134.24,245942,HII
2015-11-22,135.15,135.9,133.09,133.95,220210,HII
2015-11-23,135.07,135.57,132.88,133.67,194477,HII
2015-11-24,133.4,133.86,131.18,133.85,272605,HII
2015-11-25,133.85,134.5,131.6,132.3,215965,HII
2015-11-26,133.32,133.89,131.38,132.54,161020,HII
2015-11-27,132.8,133.28,131.17,132.77,106076,HII
2015-11-28,132.81,133.13,130.86,132.15,172503,HII
2015-11-29,132.82,132.98,130.56,131.54,238929,HII
2015-11-30,132.83,132.83,130.25,130.92,305356,HII
2015-12-01,131.19,133.87,130.42,133.75,332687,HII
2015-12-02,133.38,133.38,130.69,131.21,207637,HII
2015-12-03,131.36,132.41,128.93,130.1,309108,HII
2015-12-04,130.32,133.48,129.22,133.08,259045,HII
2015-12-05,131.24,133.35,129.84,132.9,259483,HII
2015-12-06,132.16,133.21,130.46,132.71,259921,HII
2015-12-07,133.08,133.08,131.08,132.53,260359,HII
2015-12-08,130.88,131.72,130.02,130.58,335268,HII
2015-12-09,130.1,131.48,128.46,128.66,294511,HII
2015-12-10,128.56,129.62,127.74,128.48,198317,HII
2015-12-11,126.7,127.61,126.06,126.58,211067,HII
2015-12-12,126.71,127.48,125.68,126.52,241727,HII
2015-12-13,126.72,127.36,125.29,126.47,272386,HII
2015-12-14,126.73,127.23,124.9,126.41,303046,HII
2015-12-15,127.42,127.79,126.23,126.96,351418,HII
2015-12-16,128.22,129.43,126.74,128.57,213142,HII
2015-12-17,128.64,129.52,126.91,126.99,222828,HII
2015-12-18,126.99,127.14,124.9,125.45,491127,HII
2015-12-19,126.86,127.41,125.23,126.05,421302,HII
2015-12-20,126.74,127.69,125.57,126.65,351477,HII
2015-12-21,126.61,127.96,125.9,127.25,281652,HII
2015-12-22,127.69,128.23,126.09,127.75,223730,HII
2015-12-23,128.89,129.92,127.67,128.42,139373,HII
2015-12-24,128.45,130.38,128.1,129.45,67500,HII
2015-12-25,128.66,130.28,127.73,129.16,83840,HII
2015-12-26,128.88,130.17,127.36,128.87,100180,HII
2015-12-27,129.1,130.06,127.0,128.58,116519,HII
2015-12-28,129.31,129.96,126.63,128.29,132859,HII
2015-12-29,129.4,130.36,128.49,129.48,134162,HII
2015-12-30,129.18,129.23,127.36,127.64,136180,HII
2015-12-31,127.06,128.49,125.65,126.85,260678,HII
2016-01-01,126.54,127.61,124.82,126.19,277343,HII
2016-01-02,126.02,126.73,124.0,125.54,294008,HII
2016-01-03,125.49,125.85,123.18,124.88,310672,HII
2016-01-04,124.97,124.97,122.35,124.22,327337,HII
2016-01-05,124.72,127.63,123.86,127.02,365841,HII
2016-01-06,125.88,127.58,125.08,127.47,376231,HII
2016-01-07,125.42,127.11,123.3,124.89,378214,HII
2016-01-08,127.75,130.28,126.15,127.22,510274,HII
2016-01-09,127.78,129.81,126.02,126.97,448361,HII
2016-01-10,127.82,129.34,125.9,126.72,386447,HII
2016-01-11,127.85,128.87,125.77,126.47,324534,HII
2016-01-12,127.37,129.65,127.18,129.02,390457,HII
2016-01-13,128.02,129.92,121.72,122.91,538350,HII
2016-01-14,123.18,126.51,120.78,124.96,431070,HII
2016-01-15,122.29,124.83,121.82,123.65,420106,HII
2016-01-16,122.92,124.85,121.28,123.19,422133,HII
2016-01-17,123.56,124.88,120.74,122.72,424160,HII
2016-01-18,124.19,124.9,120.19,122.26,426186,HII
2016-01-19,124.82,124.92,119.65,121.8,428213,HII
2016-01-20,121.04,123.29,118.2,121.98,463455,HII
2016-01-21,122.03,123.54,120.31,121.41,672632,HII
2016-01-22,122.55,123.72,121.91,122.86,434409,HII
2016-01-23,122.59,123.58,121.8,122.53,430239,HII
2016-01-24,122.64,123.44,121.68,122.19,426069,HII
2016-01-25,122.68,123.29,121.57,121.86,421899,HII
2016-01-26,122.35,125.11,122.35,124.78,192148,HII
2016-01-27,123.27,124.53,120.87,122.16,446657,HII
2016-01-28,122.98,123.53,121.41,122.45,368788,HII
2016-01-29,122.95,127.98,122.48,127.88,376808,HII
2016-01-30,124.18,127.98,123.34,127.49,366717,HII
2016-01-31,125.42,127.98,124.21,127.11,356626,HII
2016-02-01,126.65,127.98,125.07,126.72,346535,HII
2016-02-02,125.65,126.22,124.19,124.58,266104,HII
2016-02-03,125.92,126.26,123.32,125.63,288723,HII
2016-02-04,125.56,128.0,124.5,125.95,359981,HII
2016-02-05,125.73,126.35,124.47,125.38,352603,HII
2016-02-06,125.91,126.38,124.1,125.31,363913,HII
2016-02-07,126.09,126.42,123.73,125.24,375223,HII
2016-02-08,126.27,126.45,123.36,125.17,386533,HII
2016-02-09,123.2,126.68,122.91,125.46,623592,HII
2016-02-10,126.14,130.59,125.65,129.44,501225,HII
2016-02-11,125.59,129.4,124.64,128.43,545043,HII
2016-02-12,129.27,131.63,128.5,131.3,463793,HII
2016-02-13,130.11,132.34,128.93,132.06,448493,HII
2016-02-14,130.94,133.05,129.36,132.82,433192,HII
2016-02-15,131.78,133.76,129.79,133.58,417892,HII
2016-02-16,132.61,134.47,130.22,134.34,402592,HII
2016-02-17,134.59,135.22,132.73,134.86,514377,HII
2016-02-18,132.0,133.73,128.56,133.02,613386,HII
2016-02-19,131.83,133.11,130.32,133.01,361471,HII
2016-02-20,131.93,133.94,130.89,133.52,398407,HII
2016-02-21,132.02,134.77,131.47,134.02,435343,HII
2016-02-22,132.12,135.6,132.04,134.53,472279,HII
2016-02-23,133.84,135.72,132.04,132.88,399672,HII
2016-02-24,131.6,133.52,130.11,132.86,372931,HII
2016-02-25,132.86,135.0,132.29,133.99,289659,HII
2016-02-26,135.07,135.23,133.5,133.55,265646,HII
2016-02-27,134.63,134.92,132.6,132.72,311945,HII
2016-02-28,134.18,134.6,131.71,131.89,358243,HII
2016-02-29,133.74,134.29,130.81,131.06,404542,HII
2016-03-01,132.45,133.61,131.26,132.81,332936,HII
2016-03-02,132.43,132.97,130.43,131.47,393339,HII
2016-03-03,131.33,133.57,131.23,133.54,228856,HII
2016-03-04,131.6,134.84,131.48,133.81,298664,HII
2016-03-05,132.07,134.32,131.35,133.3,298388,HII
2016-03-06,132.54,133.79,131.22,132.79,298112,HII
2016-03-07,133.01,133.27,131.09,132.28,297836,HII
2016-03-08,131.9,131.9,129.53,130.08,267478,HII
2016-03-09,130.62,132.59,130.19,131.68,304923,HII
2016-03-10,132.07,132.67,130.89,131.94,267193,HII
2016-03-11,132.96,135.94,132.36,134.06,249593,HII
2016-03-12,132.65,135.32,131.99,133.58,245070,HII
2016-03-13,132.34,134.71,131.62,133.09,240548,HII
2016-03-14,132.03,134.09,131.25,132.61,236025,HII
2016-03-15,132.2,134.75,131.88,134.33,217245,HII
2016-03-16,134.32,135.7,133.25,135.41,163562,HII
2016-03-17,135.43,138.13,134.58,137.58,312217,HII
2016-03-18,137.08,139.44,137.08,138.52,344140,HII
2016-03-19,137.36,139.51,137.13,138.29,304804,HII
2016-03-20,137.64,139.58,137.19,138.07,265468,HII
2016-03-21,137.92,139.65,137.24,137.84,226132,HII
2016-03-22,137.81,138.5,137.05,137.59,171898,HII
2016-03-23,136.88,140.07,136.88,138.39,262076,HII
2016-03-24,137.64,138.1,135.42,137.33,230394,HII
2016-03-25,137.8,138.15,135.62,137.26,213321,HII
2016-03-26,137.96,138.2,135.83,137.19,196248,HII
2016-03-27,138.13,138.24,136.04,137.12,179176,HII
2016-03-28,138.29,138.29,136.24,137.05,162103,HII
2016-03-29,136.7,138.85,136.12,138.18,513070,HII
2016-03-30,138.91,140.7,138.2,138.46,273217,HII
2016-03-31,138.5,139.93,136.49,136.94,371675,HII
2016-04-01,136.0,138.12,135.5,137.46,298237,HII
2016-04-02,136.5,138.24,135.81,137.61,276435,HII
2016-04-03,136.99,138.36,136.11,137.75,254632,HII
2016-04-04,137.49,138.48,136.41,137.9,232830,HII
2016-04-05,136.81,138.37,136.5,137.35,221055,HII
2016-04-06,137.09,140.78,136.76,140.69,351608,HII
2016-04-07,139.72,140.3,137.17,138.94,437347,HII
2016-04-08,140.18,140.48,138.75,139.42,354471,HII
2016-04-09,139.23,140.59,138.15,139.31,348149,HII
2016-04-10,138.27,140.69,137.55,139.2,341828,HII
2016-04-11,137.32,140.8,136.95,139.09,335506,HII
2016-04-12,139.71,142.15,138.17,141.31,267484,HII
2016-04-13,142.66,143.5,141.2,143.14,274295,HII
2016-04-14,143.32,143.74,141.41,143.62,348365,HII
2016-04-15,143.19,143.55,141.51,142.97,331488,HII
2016-04-16,142.79,143.68,141.67,143.3,306250,HII
2016-04-17,142.4,143.82,141.84,143.62,281012,HII
2016-04-18,142.0,143.95,142.0,143.95,255774,HII
2016-04-19,144.25,145.28,143.46,144.47,394231,HII
2016-04-20,144.39,144.42,142.97,144.06,220193,HII
2016-04-21,143.86,144.61,142.79,143.75,213682,HII
2016-04-22,143.38,144.61,142.79,144.2,271632,HII
2016-04-23,143.41,144.58,142.58,143.8,237032,HII
2016-04-24,143.45,144.56,142.38,143.41,202433,HII
2016-04-25,143.48,144.53,142.17,143.01,167833,HII
2016-04-26,143.55,144.85,142.76,144.38,256823,HII
2016-04-27,144.56,146.9,143.46,146.42,262637,HII
2016-04-28,146.0,146.4,144.29,145.16,283249,HII
2016-04-29,144.66,145.47,143.59,144.77,321479,HII
2016-04-30,144.75,145.7,143.9,145.17,293924,HII
2016-05-01,144.84,145.93,144.21,145.57,266370,HII
2016-05-02,144.93,146.16,144.52,145.97,238815,HII
2016-05-03,144.8,146.47,144.39,145.95,252597,HII
2016-05-04,144.87,145.81,143.34,145.13,366870,HII
2016-05-05,145.6,153.41,145.2,151.13,461823,HII
2016-05-06,151.98,156.82,151.65,155.2,724469,HII
2016-05-07,152.83,156.28,151.96,154.92,589888,HII
2016-05-08,153.67,155.73,152.27,154.64,455308,HII
2016-05-09,154.52,155.19,152.58,154.36,320727,HII
2016-05-10,155.24,156.95,154.38,156.17,601825,HII
2016-05-11,156.48,157.39,153.03,153.67,300213,HII
2016-05-12,154.17,154.8,152.33,153.62,307090,HII
2016-05-13,153.45,154.17,150.86,152.24,317246,HII
2016-05-14,153.36,154.57,151.34,152.92,308230,HII
2016-05-15,153.28,154.97,151.81,153.59,299215,HII
2016-05-16,153.19,155.37,152.29,154.27,290199,HII
2016-05-17,154.06,154.99,152.86,153.92,258003,HII
2016-05-18,153.48,155.77,152.75,154.33,308895,HII
2016-05-19,153.5,154.57,152.54,154.04,156555,HII
2016-05-20,154.52,155.49,153.46,154.52,271617,HII
2016-05-21,154.66,155.3,153.44,154.39,271640,HII
2016-05-22,154.79,155.12,153.42,154.25,271664,HII
2016-05-23,154.93,154.93,153.4,154.12,271687,HII
2016-05-24,149.48,152.06,148.56,151.57,454013,HII
2016-05-25,151.55,152.69,151.31,151.82,238460,HII
2016-05-26,152.26,154.28,152.26,154.22,258393,HII
2016-05-27,153.92,155.17,153.46,154.67,318407,HII
2016-05-28,154.22,155.25,153.12,154.35,300616,HII
2016-05-29,154.52,155.33,152.78,154.04,282824,HII
2016-05-30,154.82,155.41,152.43,153.72,265033,HII
2016-05-31,155.12,155.49,152.09,153.41,247242,HII
2016-06-01,152.82,156.77,152.82,156.62,320261,HII
2016-06-02,156.5,156.97,155.9,156.74,374313,HII
2016-06-03,156.65,158.0,156.44,157.59,335250,HII
2016-06-04,157.05,158.32,156.71,157.87,328356,HII
2016-06-05,157.45,158.63,156.98,158.14,321463,HII
2016-06-06,157.85,158.95,157.25,158.42,314569,HII
2016-06-07,158.78,159.5,157.5,158.12,337931,HII
2016-06-08,158.1,163.27,158.1,162.78,531136,HII
2016-06-09,162.52,164.04,161.81,163.75,375095,HII
2016-06-10,163.06,164.22,162.51,163.16,354212,HII
2016-06-11,162.7,163.64,161.46,161.94,309612,HII
2016-06-12,162.33,163.07,160.41,160.72,265013,HII
2016-06-13,161.97,162.49,159.36,159.5,220413,HII
2016-06-14,159.37,159.74,158.25,159.29,186521,HII
2016-06-15,159.96,160.49,158.66,159.76,217558,HII
2016-06-16,158.91,159.94,157.45,159.25,162621,HII
2016-06-17,159.93,160.05,158.26,159.75,352619,HII
2016-06-18,160.43,160.76,159.0,160.04,313115,HII
2016-06-19,160.94,161.47,159.73,160.34,273611,HII
2016-06-20,161.44,162.18,160.47,160.63,234107,HII
2016-06-21,161.3,162.0,160.46,161.3,280500,HII
2016-06-22,162.05,162.71,161.69,162.0,220122,HII
2016-06-23,163.59,163.59,161.65,163.0,213252,HII
2016-06-24,158.16,162.45,157.9,160.72,732507,HII
2016-06-25,158.77,161.76,157.59,160.18,595760,HII
2016-06-26,159.39,161.07,157.28,159.64,459012,HII
2016-06-27,160.0,160.38,156.97,159.1,322265,HII
2016-06-28,159.71,160.87,158.24,160.85,305130,HII
2016-06-29,162.5,165.54,161.78,164.45,480314,HII
2016-06-30,164.75,168.03,164.38,168.03,439133,HII
2016-07-01,169.34,170.79,167.4,168.33,350702,HII
2016-07-02,169.08,170.74,167.33,168.82,351433,HII
2016-07-03,168.82,170.68,167.26,169.32,352164,HII
2016-07-04,168.55,170.63,167.18,169.81,352895,HII
2016-07-05,168.29,170.58,167.11,170.3,353626,HII
2016-07-06,170.49,173.19,169.04,172.4,378156,HII
2016-07-07,172.37,172.68,170.43,171.33,248264,HII
2016-07-08,171.83,173.42,171.39,172.52,301814,HII
2016-07-09,172.23,173.94,171.88,172.97,270848,HII
2016-07-10,172.62,174.47,172.38,173.41,239883,HII
2016-07-11,173.02,174.99,172.87,173.86,208917,HII
2016-07-12,174.88,176.26,172.39,173.14,214409,HII
2016-07-13,173.64,174.04,173.05,173.15,318433,HII
2016-07-14,174.38,174.59,171.81,171.97,254301,HII
2016-07-15,172.36,172.83,171.5,171.61,229022,HII
2016-07-16,172.45,172.76,171.07,171.18,217816,HII
2016-07-17,172.53,172.69,170.63,170.76,206611,HII
2016-07-18,172.62,172.62,170.2,170.33,195405,HII
2016-07-19,170.04,171.87,168.33,169.42,494450,HII
2016-07-20,169.94,170.4,169.01,169.67,228359,HII
2016-07-21,170.0,170.04,168.22,168.82,222358,HII
2016-07-22,168.32,169.44,167.26,169.13,223423,HII
2016-07-23,168.55,169.53,167.52,168.92,220427,HII
2016-07-24,168.78,169.63,167.79,168.72,217431,HII
2016-07-25,169.01,169.72,168.05,168.51,214435,HII
2016-07-26,169.59,171.58,169.59,170.82,278302,HII
2016-07-27,171.09,172.31,170.7,171.52,325040,HII
2016-07-28,171.67,172.87,171.54,172.56,214227,HII
2016-07-29,172.53,173.27,171.71,172.58,192131,HII
2016-07-30,172.44,173.6,171.82,172.63,273155,HII
2016-07-31,172.34,173.92,171.92,172.69,354178,HII
2016-08-01,172.25,174.25,172.03,172.74,435202,HII
2016-08-02,172.56,173.7,171.96,172.6,320825,HII
2016-08-03,173.14,174.39,172.43,174.09,517200,HII
2016-08-04,174.09,177.1,172.1,172.79,460925,HII
2016-08-05,172.45,173.38,169.77,169.98,411744,HII
2016-08-06,171.68,172.37,169.09,169.24,370912,HII
2016-08-07,170.91,171.35,168.42,168.5,330081,HII
2016-08-08,170.14,170.34,167.74,167.76,289249,HII
2016-08-09,168.1,169.37,167.89,169.28,318842,HII
2016-08-10,169.08,169.65,166.73,166.9,473026,HII
2016-08-11,167.86,169.37,167.01,167.87,385719,HII
2016-08-12,167.47,168.05,166.27,166.8,290165,HII
2016-08-13,167.52,168.53,166.45,167.63,270461,HII
2016-08-14,167.57,169.0,166.62,168.45,250757,HII
2016-08-15,167.62,169.48,166.8,169.28,231053,HII
2016-08-16,168.58,168.58,165.18,165.24,189531,HII
2016-08-17,164.6,166.09,164.22,165.88,251146,HII
2016-08-18,165.85,167.77,165.85,167.44,405387,HII
2016-08-19,167.46,167.82,166.13,167.77,225790,HII
2016-08-20,167.7,168.26,166.59,168.0,203944,HII
2016-08-21,167.94,168.71,167.05,168.23,182099,HII
2016-08-22,168.18,169.15,167.51,168.46,160253,HII
2016-08-23,169.11,169.63,166.91,167.4,210901,HII
2016-08-24,167.29,167.52,165.98,166.63,105405,HII
2016-08-25,166.43,167.49,165.61,166.75,152259,HII
2016-08-26,167.25,168.51,165.17,165.86,188352,HII
2016-08-27,166.73,168.13,165.34,166.24,171550,HII
2016-08-28,166.2,167.76,165.51,166.61,154747,HII
2016-08-29,165.68,167.38,165.68,166.99,137945,HII
2016-08-30,166.3,166.89,164.58,165.42,240440,HII
2016-08-31,165.14,165.39,162.54,165.17,278215,HII
2016-09-01,165.17,166.51,165.17,165.96,229484,HII
2016-09-02,166.0,167.46,165.96,166.71,194541,HII
2016-09-03,166.06,167.46,166.03,166.79,202442,HII
2016-09-04,166.12,167.46,166.1,166.88,210344,HII
2016-09-05,166.18,167.47,166.17,166.96,218246,HII
2016-09-06,166.24,167.48,166.24,167.04,226147,HII
2016-09-07,166.35,167.12,166.16,166.46,263609,HII
2016-09-08,166.73,167.42,166.01,166.59,188725,HII
2016-09-09,165.8,166.11,162.88,162.92,202190,HII
2016-09-10,164.53,165.78,162.0,163.31,217054,HII
2016-09-11,163.27,165.46,161.12,163.69,231917,HII
2016-09-12,162.0,165.13,160.24,164.08,246781,HII
2016-09-13,163.28,163.48,160.8,160.9,179993,HII
2016-09-14,161.33,162.38,159.14,159.47,257904,HII
2016-09-15,159.25,160.35,158.2,159.89,386067,HII
2016-09-16,159.49,159.9,156.15,156.36,488085,HII
2016-09-17,158.62,159.16,155.6,155.8,505884,HII
2016-09-18,157.75,158.43,155.05,155.23,523683,HII
2016-09-19,156.88,157.7,154.5,154.67,541482,HII
2016-09-20,150.4,151.19,149.07,149.11,535741,HII
2016-09-21,149.17,150.19,149.1,150.05,684689,HII
2016-09-22,151.15,154.35,150.77,154.03,396080,HII
2016-09-23,153.14,154.49,152.75,153.46,266950,HII
2016-09-24,153.18,154.84,152.82,153.81,266876,HII
2016-09-25,153.23,155.19,152.9,154.17,266801,HII
2016-09-26,153.27,155.54,152.98,154.52,266727,HII
2016-09-27,154.96,155.55,153.59,153.85,232598,HII
2016-09-28,153.91,155.26,153.02,154.81,207736,HII
2016-09-29,154.7,154.79,151.18,152.53,180426,HII
2016-09-30,154.15,154.36,151.99,153.42,292218,HII
2016-10-01,153.85,154.12,151.88,153.45,276054,HII
2016-10-02,153.55,153.88,151.78,153.49,259889,HII
2016-10-03,153.25,153.63,151.67,153.52,243725,HII
2016-10-04,153.64,154.6,152.95,153.8,325714,HII
2016-10-05,154.48,155.34,153.79,154.62,279075,HII
2016-10-06,154.37,156.07,154.31,156.06,261870,HII
2016-10-07,155.8,155.83,153.94,155.28,373318,HII
2016-10-08,155.63,156.34,154.11,155.62,337504,HII
2016-10-09,155.45,156.85,154.29,155.95,301690,HII
2016-10-10,155.28,157.36,154.46,156.29,265876,HII
2016-10-11,155.85,155.85,153.23,154.14,250829,HII
2016-10-12,154.5,157.13,153.76,155.94,242249,HII
2016-10-13,155.06,155.86,154.2,155.59,217435,HII
2016-10-14,156.04,157.37,156.04,156.6,179166,HII
2016-10-15,156.34,158.1,156.28,157.49,210678,HII
2016-10-16,156.65,158.84,156.52,158.38,242189,HII
2016-10-17,156.95,159.57,156.76,159.27,273701,HII
2016-10-18,159.93,161.52,159.32,160.58,197393,HII
2016-10-19,160.94,161.68,158.51,159.07,249412,HII
2016-10-20,159.19,159.45,156.86,157.19,205759,HII
2016-10-21,156.49,156.49,155.43,155.68,152853,HII
2016-10-22,156.79,156.83,155.55,155.78,181035,HII
2016-10-23,157.1,157.16,155.66,155.88,209218,HII
2016-10-24,157.4,157.5,155.78,155.98,237400,HII
2016-10-25,156.06,157.15,155.64,156.6,271826,HII
2016-10-26,155.82,159.62,155.05,159.29,331902,HII
2016-10-27,159.53,159.56,157.39,159.13,258500,HII
2016-10-28,159.09,161.43,159.09,160.07,180261,HII
2016-10-29,159.56,161.61,159.41,160.5,180227,HII
2016-10-30,160.04,161.79,159.74,160.93,180193,HII
2016-10-31,160.51,161.97,160.06,161.36,180159,HII
2016-11-01,161.67,162.74,160.19,161.57,271621,HII
2016-11-02,162.55,163.54,159.85,159.97,377211,HII
2016-11-03,155.0,156.11,148.48,148.74,817288,HII
2016-11-04,148.88,149.56,146.72,146.75,511443,HII
2016-11-05,148.56,149.55,147.08,147.48,513475,HII
2016-11-06,148.25,149.55,147.43,148.21,515506,HII
2016-11-07,147.93,149.54,147.79,148.94,517538,HII
2016-11-08,147.97,151.3,146.52,150.42,475719,HII
2016-11-09,153.62,169.05,153.6,167.59,1105864,HII
2016-11-10,169.44,173.39,168.47,172.9,599727,HII
2016-11-11,173.5,175.16,169.87,174.61,476973,HII
2016-11-12,175.33,176.44,171.28,175.39,486322,HII
2016-11-13,177.17,177.72,172.69,176.17,495671,HII
2016-11-14,179.0,179.0,174.1,176.95,505020,HII
2016-11-15,178.41,178.41,170.9,171.25,678318,HII
2016-11-16,171.29,174.87,170.15,174.38,582932,HII
2016-11-17,175.11,178.0,173.47,176.91,606571,HII
2016-11-18,176.28,177.11,175.1,176.12,463005,HII
2016-11-19,176.57,177.31,175.05,176.15,494281,HII
2016-11-20,176.85,177.51,174.99,176.17,525558,HII
2016-11-21,177.14,177.71,174.94,176.2,556834,HII
2016-11-22,176.33,179.37,176.2,178.92,415575,HII
2016-11-23,178.55,181.15,175.72,177.72,619001,HII
2016-11-24,178.86,180.98,176.86,179.26,424942,HII
2016-11-25,179.18,180.8,178.01,180.8,230882,HII
2016-11-26,179.64,180.75,178.1,180.54,327612,HII
2016-11-27,180.09,180.71,178.19,180.28,424342,HII
2016-11-28,180.55,180.66,178.28,180.02,521072,HII
2016-11-29,180.0,181.68,179.01,180.55,461860,HII
2016-11-30,181.55,182.74,177.06,178.76,2473492,HII
2016-12-01,178.91,181.2,176.47,179.29,571879,HII
2016-12-02,179.27,183.25,179.17,180.85,586493,HII
2016-12-03,180.32,183.74,179.82,181.67,546892,HII
2016-12-04,181.38,184.23,180.47,182.48,507291,HII
2016-12-05,182.43,184.72,181.12,183.3,467690,HII
2016-12-06,182.43,185.11,180.78,183.87,548766,HII
2016-12-07,184.37,185.51,183.46,183.94,578368,HII
2016-12-08,184.08,184.98,180.96,181.2,412229,HII
2016-12-09,180.55,182.35,179.79,181.5,387002,HII
2016-12-10,180.14,181.48,177.88,180.4,478311,HII
2016-12-11,179.74,180.61,175.98,179.3,569620,HII
2016-12-12,179.33,179.74,174.07,178.2,660929,HII
2016-12-13,179.2,180.0,175.4,176.54,471563,HII
2016-12-14,176.74,178.76,175.97,176.23,344051,HII
2016-12-15,175.56,180.38,175.26,179.69,375729,HII
2016-12-16,179.61,183.45,179.61,182.4,930501,HII
2016-12-17,180.94,184.22,180.7,183.0,781869,HII
2016-12-18,182.26,184.99,181.78,183.61,633237,HII
2016-12-19,183.59,185.76,182.87,184.21,484605,HII
2016-12-20,183.52,188.2,183.52,187.96,440167,HII
2016-12-21,188.28,188.52,184.1,184.85,442160,HII
2016-12-22,185.69,189.17,185.41,187.9,351097,HII
2016-12-23,187.48,188.74,185.36,187.01,220351,HII
2016-12-24,187.65,188.71,184.93,186.62,276026,HII
2016-12-25,187.82,188.68,184.5,186.23,331700,HII
2016-12-26,188.0,188.66,184.08,185.84,387374,HII
2016-12-27,188.17,188.63,183.65,185.45,443049,HII
2016-12-28,185.64,185.75,183.53,184.11,263161,HII
2016-12-29,184.1,186.19,183.9,184.65,199507,HII
2016-12-30,185.22,185.32,183.38,184.19,190120,HII
2016-12-31,185.16,186.28,183.74,185.4,237249,HII
2017-01-01,185.11,187.24,184.09,186.62,284378,HII
2017-01-02,185.06,188.21,184.45,187.84,331507,HII
2017-01-03,185.0,189.17,184.8,189.05,378636,HII
2017-01-04,190.0,191.96,189.35,191.87,598494,HII
2017-01-05,192.11,197.28,191.19,195.61,850744,HII
2017-01-06,196.0,196.1,192.28,193.55,480784,HII
2017-01-07,195.3,195.45,191.61,192.52,454459,HII
2017-01-08,194.6,194.81,190.95,191.48,428133,HII
2017-01-09,193.9,194.16,190.28,190.45,401808,HII
2017-01-10,191.25,193.34,189.84,191.3,446659,HII
2017-01-11,191.39,191.91,188.49,190.34,400032,HII
2017-01-12,193.77,194.67,190.54,191.07,547405,HII
2017-01-13,192.19,193.94,191.47,191.58,343873,HII
2017-01-14,192.14,193.46,190.67,191.09,343019,HII
2017-01-15,192.1,192.97,189.87,190.6,342166,HII
2017-01-16,192.05,192.48,189.07,190.1,341312,HII
2017-01-17,192.0,192.0,188.26,189.61,340458,HII
2017-01-18,189.75,191.58,188.9,190.94,289189,HII
2017-01-19,192.44,195.16,192.0,194.82,439078,HII
2017-01-20,195.69,196.29,194.63,195.71,480912,HII
2017-01-21,195.88,196.43,193.95,194.99,451586,HII
2017-01-22,196.06,196.57,193.26,194.26,422259,HII
2017-01-23,196.25,196.71,192.58,193.54,392933,HII
2017-01-24,193.06,195.38,192.1,194.76,324629,HII
2017-01-25,195.41,195.66,192.35,192.72,381169,HII
2017-01-26,192.78,194.33,190.75,194.3,289439,HII
2017-01-27,193.93,195.24,191.34,191.53,429194,HII
2017-01-28,193.34,194.38,190.69,191.89,362253,HII
2017-01-29,192.74,193.53,190.04,192.25,295311,HII
2017-01-30,192.15,192.67,189.39,192.61,228370,HII
2017-01-31,192.71,194.21,189.73,193.96,264477,HII
2017-02-01,194.97,194.99,189.81,192.79,409328,HII
2017-02-02,192.34,194.84,190.78,194.75,341608,HII
2017-02-03,195.3,199.43,194.92,199.28,305863,HII
2017-02-04,196.84,199.87,196.28,199.34,314493,HII
2017-02-05,198.37,200.32,197.64,199.39,323123,HII
2017-02-06,199.91,200.76,199.0,199.45,331753,HII
2017-02-07,200.26,201.1,198.49,199.01,311901,HII
2017-02-08,198.96,199.57,197.99,198.64,260852,HII
2017-02-09,198.81,200.21,198.57,198.87,387770,HII
2017-02-10,199.26,200.75,198.9,200.35,352630,HII
2017-02-11,199.8,201.03,199.27,200.63,373262,HII
2017-02-12,200.33,201.32,199.64,200.91,393893,HII
2017-02-13,200.87,201.6,200.01,201.19,414525,HII
2017-02-14,200.32,203.63,199.3,202.59,411172,HII
2017-02-15,203.44,206.82,202.0,205.7,517324,HII
2017-02-16,208.95,211.79,204.27,209.94,691166,HII
2017-02-17,211.0,213.64,209.0,211.91,548086,HII
2017-02-18,211.23,213.59,209.28,212.1,545080,HII
2017-02-19,211.46,213.53,209.56,212.28,542073,HII
2017-02-20,211.68,213.47,209.83,212.47,539066,HII
2017-02-21,211.91,213.41,210.11,212.66,536060,HII
2017-02-22,213.78,215.7,213.08,215.26,328729,HII
2017-02-23,216.22,216.33,213.33,214.35,362862,HII
2017-02-24,214.3,217.95,213.07,216.98,415365,HII
2017-02-25,214.86,218.21,213.74,217.36,411774,HII
2017-02-26,215.41,218.47,214.41,217.75,408183,HII
2017-02-27,215.97,218.72,215.08,218.13,404592,HII
2017-02-28,218.89,219.8,217.35,218.5,563784,HII
2017-03-01,218.51,220.18,217.91,219.47,531775,HII
2017-03-02,219.0,220.68,217.86,218.32,479562,HII
2017-03-03,218.35,219.26,217.0,218.82,344847,HII
2017-03-04,218.31,219.13,216.75,218.56,371655,HII
2017-03-05,218.26,219.0,216.5,218.29,398463,HII
2017-03-06,218.22,218.87,216.25,218.03,425271,HII
2017-03-07,217.93,219.88,217.64,217.77,528126,HII
2017-03-08,217.73,218.45,214.97,215.38,389425,HII
2017-03-09,215.23,215.66,212.08,213.7,376653,HII
2017-03-10,213.8,213.9,209.81,211.7,514460,HII
2017-03-11,213.1,213.72,210.25,212.22,431003,HII
2017-03-12,212.39,213.54,210.69,212.73,347546,HII
2017-03-13,211.69,213.36,211.13,213.25,264089,HII
2017-03-14,212.34,212.48,208.21,211.49,281232,HII
2017-03-15,212.5,212.74,209.66,211.63,442664,HII
2017-03-16,212.28,212.75,209.31,210.16,266695,HII
2017-03-17,210.74,215.51,210.74,213.72,1303346,HII
2017-03-18,211.73,215.26,210.74,212.92,956461,HII
2017-03-19,212.73,215.01,210.74,212.11,609577,HII
2017-03-20,213.72,214.76,210.74,211.31,262692,HII
2017-03-21,211.5,211.87,206.0,207.12,424946,HII
2017-03-22,207.11,209.74,206.77,208.86,336468,HII
2017-03-23,208.86,209.09,207.43,207.94,225960,HII
2017-03-24,207.52,208.6,204.22,204.93,271568,HII
2017-03-25,205.93,206.73,202.92,203.98,328465,HII
2017-03-26,204.34,204.86,201.61,203.03,385362,HII
2017-03-27,202.75,202.99,200.31,202.08,442259,HII
2017-03-28,201.33,203.94,200.93,202.46,633018,HII
2017-03-29,202.46,202.86,200.56,202.13,345897,HII
2017-03-30,201.79,203.33,201.4,202.39,300404,HII
2017-03-31,202.45,203.12,200.23,200.24,371746,HII
2017-04-01,201.66,202.9,200.15,200.77,387652,HII
2017-04-02,200.87,202.67,200.08,201.31,403559,HII
2017-04-03,200.08,202.44,200.0,201.84,419465,HII
2017-04-04,201.97,203.38,201.56,202.06,300100,HII
2017-04-05,202.43,203.45,198.18,198.67,419853,HII
2017-04-06,198.58,201.25,197.5,200.44,516388,HII
2017-04-07,202.0,206.13,201.02,203.8,406806,HII
2017-04-08,202.8,205.8,201.75,203.83,352161,HII
2017-04-09,203.61,205.46,202.47,203.86,297515,HII
2017-04-10,204.41,205.13,203.2,203.89,242870,HII
2017-04-11,204.09,205.76,202.25,205.62,262837,HII
2017-04-12,207.76,207.76,203.2,203.65,247800,HII
2017-04-13,202.89,205.36,202.71,202.97,243323,HII
2017-04-14,203.02,204.98,202.16,202.42,264350,HII
2017-04-15,203.15,204.6,201.6,201.88,285376,HII
2017-04-16,203.28,204.22,201.05,201.33,306403,HII
2017-04-17,203.41,203.84,200.5,200.79,327430,HII
2017-04-18,200.68,201.14,198.02,199.29,365449,HII
2017-04-19,199.82,200.68,198.42,200.05,315959,HII
2017-04-20,200.43,201.73,198.72,200.05,332831,HII
2017-04-21,200.2,201.2,199.48,199.63,402534,HII
2017-04-22,200.71,202.15,199.87,200.99,372017,HII
2017-04-23,201.23,203.1,200.25,202.36,341501,HII
2017-04-24,201.74,204.05,200.64,203.72,310984,HII
2017-04-25,203.5,205.59,203.08,205.0,235726,HII
2017-04-26,205.03,205.22,201.02,203.08,277850,HII
2017-04-27,203.18,204.13,201.13,202.19,215186,HII
2017-04-28,202.59,202.89,199.81,200.89,290098,HII
2017-04-29,202.01,202.55,199.21,200.44,307329,HII
2017-04-30,201.43,202.2,198.6,199.99,324559,HII
2017-05-01,200.85,201.86,198.0,199.54,341790,HII
2017-05-02,199.35,201.07,199.35,200.66,228261,HII
2017-05-03,200.58,201.34,199.0,201.05,351312,HII
2017-05-04,197.37,197.37,183.61,188.21,1156472,HII
2017-05-05,189.94,197.73,188.83,195.5,592700,HII
2017-05-06,191.77,197.21,190.3,195.44,522709,HII
2017-05-07,193.6,196.7,191.76,195.37,452718,HII
2017-05-08,195.43,196.18,193.23,195.31,382727,HII
2017-05-09,195.21,196.69,194.59,195.99,264785,HII
2017-05-10,195.38,198.0,195.3,196.47,340310,HII
2017-05-11,196.71,196.9,194.53,195.58,284488,HII
2017-05-12,195.13,195.48,193.4,194.09,281234,HII
2017-05-13,194.58,196.26,193.29,195.16,299886,HII
2017-05-14,194.02,197.05,193.17,196.23,318537,HII
2017-05-15,193.47,197.83,193.06,197.3,337189,HII
2017-05-16,197.16,197.88,196.01,196.27,337138,HII
2017-05-17,195.26,195.26,190.98,191.15,270712,HII
2017-05-18,190.14,191.93,189.01,190.34,532792,HII
2017-05-19,191.3,197.0,190.75,195.49,425810,HII
2017-05-20,193.64,197.83,192.4,195.64,374625,HII
2017-05-21,195.98,198.66,194.06,195.78,323440,HII
2017-05-22,198.32,199.49,195.71,195.93,272255,HII
2017-05-23,196.15,196.62,193.88,196.03,170158,HII
2017-05-24,196.04,197.25,194.98,195.25,191102,HII
2017-05-25,195.5,197.92,195.46,197.44,183077,HII
2017-05-26,196.77,198.44,196.01,196.32,249523,HII
2017-05-27,196.79,198.26,195.41,195.76,248430,HII
2017-05-28,196.8,198.09,194.82,195.2,247336,HII
2017-05-29,196.82,197.91,194.22,194.64,246242,HII
2017-05-30,196.83,197.74,193.62,194.08,245149,HII
2017-05-31,194.24,196.31,192.71,195.81,469512,HII
2017-06-01,196.84,196.84,192.89,194.29,346545,HII
2017-06-02,194.09,195.67,193.41,193.79,276432,HII
2017-06-03,193.62,195.01,192.53,192.92,287640,HII
2017-06-04,193.16,194.36,191.64,192.05,298847,HII
2017-06-05,192.69,193.7,190.76,191.18,310055,HII
2017-06-06,190.19,190.96,188.77,188.83,368224,HII
2017-06-07,189.0,189.96,187.9,189.88,257487,HII
2017-06-08,189.67,192.72,189.2,192.51,401806,HII
2017-06-09,192.56,194.6,191.9,193.47,389032,HII
2017-06-10,192.77,194.76,192.01,193.9,425386,HII
2017-06-11,192.99,194.91,192.11,194.34,461740,HII
2017-06-12,193.2,195.07,192.22,194.77,498094,HII
2017-06-13,195.1,198.34,194.98,196.67,208447,HII
2017-06-14,196.92,198.43,196.4,196.77,243612,HII
2017-06-15,195.19,196.46,194.76,195.56,160167,HII
2017-06-16,193.79,194.37,185.35,185.98,946502,HII
2017-06-17,192.27,192.65,185.06,186.37,796753,HII
2017-06-18,190.74,190.94,184.78,186.77,647004,HII
2017-06-19,189.22,189.22,184.49,187.16,497255,HII
2017-06-20,186.03,187.54,184.83,186.27,382623,HII
2017-06-21,186.52,187.6,185.51,186.58,293685,HII
2017-06-22,186.55,186.6,184.72,185.54,546284,HII
2017-06-23,185.46,188.75,185.1,186.84,626993,HII
2017-06-24,185.95,188.66,185.38,186.66,484782,HII
2017-06-25,186.43,188.58,185.66,186.47,342572,HII
2017-06-26,186.92,188.49,185.94,186.29,200361,HII
2017-06-27,185.76,189.05,185.76,186.97,261944,HII
2017-06-28,187.81,188.94,187.23,187.36,192377,HII
2017-06-29,187.5,187.76,183.42,185.22,223273,HII
2017-06-30,186.13,186.92,184.64,186.16,275271,HII
2017-07-01,186.21,188.85,185.07,187.95,247410,HII
2017-07-02,186.28,190.79,185.49,189.75,219548,HII
2017-07-03,186.36,192.72,185.92,191.54,191687,HII
2017-07-04,189.28,193.34,188.56,192.26,218388,HII
2017-07-05,192.2,193.96,191.21,192.97,245090,HII
2017-07-06,192.37,193.35,190.96,191.38,543501,HII
2017-07-07,192.43,193.5,191.73,192.9,238044,HII
2017-07-08,192.53,193.85,191.45,193.03,276146,HII
2017-07-09,192.62,194.2,191.18,193.15,314248,HII
2017-07-10,192.72,194.55,190.9,193.28,352350,HII
2017-07-11,193.86,195.62,192.54,194.88,389174,HII
2017-07-12,195.5,200.44,195.41,199.4,361989,HII
2017-07-13,200.0,200.3,198.25,198.39,267641,HII
2017-07-14,198.66,199.51,197.86,198.15,288235,HII
2017-07-15,198.52,199.37,197.29,198.19,259163,HII
2017-07-16,198.38,199.22,196.71,198.24,230090,HII
2017-07-17,198.24,199.08,196.14,198.28,201018,HII
2017-07-18,198.08,198.31,195.28,197.38,286591,HII
2017-07-19,198.11,199.71,197.05,198.49,365575,HII
2017-07-20,199.3,201.85,198.62,199.19,250835,HII
2017-07-21,198.83,202.14,198.49,201.35,235031,HII
2017-07-22,199.69,202.48,199.43,201.45,244367,HII
2017-07-23,200.54,202.82,200.38,201.56,253702,HII
2017-07-24,201.4,203.16,201.32,201.66,263038,HII
2017-07-25,202.08,203.82,201.1,203.62,344487,HII
2017-07-26,204.65,204.7,202.5,203.49,256133,HII
2017-07-27,203.91,204.47,201.99,202.84,512984,HII
2017-07-28,203.02,205.88,202.42,205.65,219535,HII
2017-07-29,204.02,206.29,203.54,205.8,236312,HII
2017-07-30,205.02,206.7,204.65,205.96,253089,HII
2017-07-31,206.02,207.1,205.77,206.11,269866,HII
2017-08-01,206.26,209.24,204.54,208.21,350936,HII
2017-08-02,206.26,209.24,204.54,208.21,350936,HII
2017-08-03,209.0,214.76,208.38,213.93,646568,HII
2017-08-04,213.97,215.37,213.04,213.95,200892,HII
2017-08-05,213.99,215.11,212.82,213.81,203408,HII
2017-08-06,214.0,214.85,212.6,213.68,205925,HII
2017-08-07,214.02,214.59,212.38,213.54,208441,HII
2017-08-08,213.75,214.97,213.15,214.0,214300,HII
2017-08-09,213.82,216.0,213.09,214.76,250714,HII
2017-08-10,214.62,218.49,213.04,213.08,208722,HII
2017-08-11,214.83,215.27,213.02,213.16,144645,HII
2017-08-12,214.83,215.54,213.28,213.78,218260,HII
2017-08-13,214.82,215.82,213.54,214.39,291876,HII
2017-08-14,214.82,216.09,213.8,215.01,365491,HII
2017-08-15,215.14,216.3,214.06,214.33,228187,HII
2017-08-16,214.41,215.3,210.61,210.82,260893,HII
2017-08-17,210.38,212.31,208.24,208.44,197132,HII
2017-08-18,208.38,208.7,204.97,205.22,215935,HII
2017-08-19,207.24,207.75,204.4,204.79,224931,HII
2017-08-20,206.1,206.81,203.83,204.35,233928,HII
2017-08-21,204.96,205.86,203.26,203.92,242924,HII
2017-08-22,205.33,208.26,203.96,207.73,191899,HII
2017-08-23,206.7,207.28,205.94,206.84,105762,HII
2017-08-24,207.38,209.6,206.53,209.37,200369,HII
2017-08-25,210.03,212.45,208.25,208.94,407660,HII
2017-08-26,209.91,211.61,207.5,208.0,341631,HII
2017-08-27,209.8,210.77,206.74,207.06,275602,HII
2017-08-28,209.68,209.93,205.99,206.12,209573,HII
2017-08-29,205.76,209.12,205.14,208.8,285310,HII
2017-08-30,209.3,210.67,208.53,210.55,173208,HII
2017-08-31,211.22,214.42,210.35,213.96,257324,HII
2017-09-01,214.39,215.86,214.37,215.03,195159,HII
2017-09-02,214.66,215.86,213.83,214.61,241702,HII
2017-09-03,214.93,215.86,213.3,214.18,288246,HII
2017-09-04,215.2,215.86,212.77,213.76,334789,HII
2017-09-05,215.47,215.86,212.24,213.34,381332,HII
2017-09-06,213.93,214.09,211.22,211.6,348396,HII
2017-09-07,211.27,211.29,207.54,209.93,173711,HII
2017-09-08,209.22,211.42,208.14,210.43,225410,HII
2017-09-09,209.78,211.61,208.76,210.88,236708,HII
2017-09-10,210.33,211.8,209.38,211.33,248005,HII
2017-09-11,210.89,211.99,210.0,211.78,259303,HII
2017-09-12,212.21,213.59,211.87,213.56,141465,HII
2017-09-13,213.16,213.56,210.3,210.43,154787,HII
2017-09-14,210.98,211.12,208.94,210.15,244523,HII
2017-09-15,210.22,212.53,210.22,212.41,348624,HII
2017-09-16,211.33,214.2,211.15,213.46,327201,HII
2017-09-17,212.45,215.86,212.08,214.52,305777,HII
2017-09-18,213.56,217.53,213.01,215.57,284354,HII
2017-09-19,215.7,218.31,214.84,217.07,425528,HII
2017-09-20,217.12,218.88,217.0,218.12,294565,HII
2017-09-21,218.75,219.37,216.18,219.18,276367,HII
2017-09-22,219.41,221.52,219.28,220.37,172436,HII
2017-09-23,219.66,221.35,218.9,220.41,185744,HII
2017-09-24,219.91,221.17,218.53,220.44,199052,HII
2017-09-25,220.16,221.0,218.15,220.48,212360,HII
2017-09-26,220.0,222.86,219.63,222.21,209297,HII
2017-09-27,223.05,224.12,221.68,223.46,279269,HII
2017-09-28,223.35,224.18,221.47,223.06,279223,HII
2017-09-29,223.45,227.03,221.91,226.44,274453,HII
2017-09-30,224.8,228.06,223.49,227.6,259124,HII
2017-10-01,226.14,229.09,225.07,228.77,243794,HII
2017-10-02,227.49,230.12,226.65,229.93,228465,HII
2017-10-03,231.41,232.49,230.0,232.0,436926,HII
2017-10-04,231.21,234.23,231.17,234.14,373563,HII
2017-10-05,233.29,235.02,231.94,234.16,248471,HII
2017-10-06,234.16,235.95,233.21,235.83,270591,HII
2017-10-07,234.83,236.28,233.84,235.87,245178,HII
2017-10-08,235.49,236.61,234.48,235.9,219765,HII
2017-10-09,236.16,236.94,235.11,235.94,194352,HII
2017-10-10,236.84,236.84,234.14,234.88,238003,HII
2017-10-11,234.45,235.7,233.15,233.93,226927,HII
2017-10-12,234.17,236.65,233.4,235.44,432752,HII
2017-10-13,235.59,236.34,233.85,234.4,229197,HII
2017-10-14,235.14,236.26,233.87,234.91,237097,HII
2017-10-15,234.68,236.18,233.89,235.42,244997,HII
2017-10-16,234.23,236.1,233.91,235.93,252897,HII
2017-10-17,236.07,236.9,234.77,235.23,195548,HII
2017-10-18,236.11,236.16,232.19,234.89,320950,HII
2017-10-19,234.01,235.01,232.17,234.81,224591,HII
2017-10-20,235.71,236.72,234.84,235.42,177325,HII
2017-10-21,236.06,236.73,234.36,235.14,202057,HII
2017-10-22,236.41,236.75,233.88,234.86,226789,HII
2017-10-23,236.76,236.76,233.4,234.58,251521,HII
2017-10-24,234.63,236.23,234.63,235.93,191586,HII
2017-10-25,235.5,236.57,232.45,234.0,128339,HII
2017-10-26,234.41,235.02,230.26,231.82,175241,HII
2017-10-27,232.54,233.72,230.94,233.46,189714,HII
2017-10-28,232.55,233.62,231.13,233.02,163865,HII
2017-10-29,232.57,233.52,231.31,232.59,138017,HII
2017-10-30,232.58,233.42,231.5,232.15,112168,HII
2017-10-31,232.4,233.21,230.71,232.83,271671,HII
2017-11-01,233.18,233.9,232.17,233.66,178130,HII
2017-11-02,233.76,235.44,232.26,234.57,300419,HII
2017-11-03,234.75,235.45,232.82,235.07,283521,HII
2017-11-04,234.75,236.28,233.44,235.45,270361,HII
2017-11-05,234.74,237.11,234.06,235.83,257201,HII
2017-11-06,234.74,237.94,234.68,236.21,244041,HII
2017-11-07,236.66,238.16,232.75,233.35,342574,HII
2017-11-08,235.0,253.44,235.0,251.96,1008558,HII
2017-11-09,250.28,250.98,242.15,242.55,409754,HII
2017-11-10,242.95,242.95,237.92,240.66,284766,HII
2017-11-11,242.08,242.24,237.98,240.17,254571,HII
2017-11-12,241.2,241.53,238.03,239.67,224376,HII
2017-11-13,240.33,240.82,238.09,239.18,194181,HII
2017-11-14,238.9,238.97,236.11,237.53,263742,HII
2017-11-15,237.12,237.59,234.53,235.56,149126,HII
2017-11-16,237.0,237.56,234.75,235.82,189417,HII
2017-11-17,235.47,235.47,232.78,232.87,218788,HII
2017-11-18,234.96,235.25,232.68,233.36,199317,HII
2017-11-19,234.46,235.02,232.58,233.86,179847,HII
2017-11-20,233.95,234.8,232.48,234.35,160376,HII
2017-11-21,235.22,237.83,235.22,236.64,218080,HII
2017-11-22,236.88,236.88,233.62,234.07,256289,HII
2017-11-23,235.94,235.94,233.59,234.26,159452,HII
2017-11-24,235.0,235.0,233.56,234.45,62616,HII
2017-11-25,234.6,235.17,233.57,234.65,87018,HII
2017-11-26,234.19,235.34,233.58,234.85,111419,HII
2017-11-27,233.79,235.51,233.59,235.05,135821,HII
2017-11-28,236.03,241.5,234.03,241.11,251183,HII
2017-11-29,241.16,241.93,239.27,239.68,168086,HII
2017-11-30,240.45,243.19,239.45,241.67,423656,HII
2017-12-01,241.67,241.75,232.59,235.99,176186,HII
2017-12-02,240.43,241.07,232.83,235.43,187605,HII
2017-12-03,239.19,240.38,233.08,234.87,199025,HII
2017-12-04,237.95,239.7,233.32,234.31,210444,HII
2017-12-05,234.87,235.99,232.7,232.79,223922,HII
2017-12-06,232.85,234.83,232.72,233.65,360869,HII
2017-12-07,233.57,236.46,233.38,235.86,203476,HII
2017-12-08,236.49,237.98,235.45,237.01,387396,HII
2017-12-09,236.68,237.74,234.84,236.04,320032,HII
2017-12-10,236.87,237.49,234.24,235.07,252669,HII
2017-12-11,237.06,237.25,233.63,234.1,185305,HII
2017-12-12,234.3,235.59,233.24,233.54,213637,HII
2017-12-13,234.38,237.88,233.58,235.09,468871,HII
2017-12-14,235.28,237.04,233.01,233.88,210855,HII
2017-12-15,235.68,239.97,234.14,238.83,540795,HII
2017-12-16,236.51,240.43,234.93,238.75,449909,HII
2017-12-17,237.34,240.88,235.72,238.68,359023,HII
2017-12-18,238.18,241.34,236.5,238.6,268137,HII
2017-12-19,238.48,240.19,237.1,238.0,317295,HII
2017-12-20,237.95,240.22,233.46,238.02,534081,HII
2017-12-21,235.22,238.36,233.63,235.38,199996,HII
2017-12-22,237.2,238.0,234.14,237.44,242301,HII
2017-12-23,237.16,238.2,234.73,237.28,199395,HII
2017-12-24,237.13,238.39,235.32,237.12,156488,HII
2017-12-25,237.1,238.59,235.91,236.96,113582,HII
2017-12-26,237.06,238.78,236.5,236.8,70676,HII
2017-12-27,237.22,238.39,236.82,237.59,117612,HII
2017-12-28,238.87,239.75,236.73,239.45,134470,HII
2017-12-29,239.5,240.57,235.39,235.7,1060504,HII
2017-12-30,238.49,239.29,232.98,233.78,3052094,HII
2017-12-31,237.48,238.02,230.58,231.86,5043684,HII
2018-01-01,236.47,236.74,228.18,229.93,7035275,HII
2018-01-02,235.46,235.46,225.77,228.01,9026865,HII
2018-01-03,229.02,230.22,226.42,229.39,1108530,HII
2018-01-04,230.5,233.48,229.41,232.66,673585,HII
2018-01-05,233.3,235.43,232.64,233.75,570148,HII
2018-01-06,233.4,235.83,232.55,234.51,497776,HII
2018-01-07,233.5,236.24,232.46,235.28,425404,HII
2018-01-08,233.6,236.64,232.37,236.04,353032,HII
2018-01-09,236.68,240.13,236.34,239.2,513559,HII
2018-01-10,238.06,238.52,236.01,237.33,729850,HII
2018-01-11,237.52,239.87,236.28,239.27,482005,HII
2018-01-12,240.98,248.0,240.97,247.43,423784,HII
2018-01-13,242.64,248.09,239.48,244.36,493306,HII
2018-01-14,244.29,248.18,237.98,241.29,562828,HII
2018-01-15,245.94,248.28,236.49,238.22,632351,HII
2018-01-16,247.6,248.37,235.0,235.15,701873,HII
2018-01-17,237.03,237.52,235.52,237.24,427343,HII
2018-01-18,237.91,238.21,236.31,236.88,329117,HII
2018-01-19,237.97,243.22,236.82,242.12,469651,HII
2018-01-20,239.14,242.73,236.93,241.04,410669,HII
2018-01-21,240.32,242.25,237.05,239.96,351686,HII
2018-01-22,241.49,241.76,237.16,238.88,292704,HII
2018-01-23,239.32,239.32,234.41,235.04,382620,HII
2018-01-24,234.99,239.53,234.99,238.14,483302,HII
2018-01-25,238.48,242.66,238.29,241.25,293993,HII
2018-01-26,241.77,248.15,239.0,247.76,395229,HII
2018-01-27,243.57,248.56,241.56,247.74,618608,HII
2018-01-28,245.37,248.97,244.13,247.72,841986,HII
2018-01-29,247.17,249.38,246.69,247.7,1065365,HII
2018-01-30,246.94,246.94,241.98,244.79,684371,HII
2018-01-31,246.2,246.2,237.4,237.54,575963,HII
2018-02-01,237.63,243.72,237.63,241.47,465799,HII
2018-02-02,243.7,245.38,241.18,243.77,514749,HII
2018-02-03,243.02,244.27,236.13,238.72,568747,HII
2018-02-04,242.35,243.16,231.08,233.66,622745,HII
2018-02-05,241.67,242.06,226.03,228.61,676743,HII
2018-02-06,223.09,229.62,221.71,227.67,713715,HII
2018-02-07,227.67,238.44,227.41,234.82,364670,HII
